encoder,layer,query_program,target_program,map,n_queries
CLaMP3,0,-1,-1,0.016719425097107887,1714
CLaMP3,0,0,0,0.12975774705410004,12
CLaMP3,0,0,48,0.2287643849849701,680
CLaMP3,0,0,56,0.6785984635353088,22
CLaMP3,0,0,60,0.314654678106308,268
CLaMP3,0,0,73,0.43232229351997375,86
CLaMP3,0,48,0,0.25248146057128906,676
CLaMP3,0,48,48,0.10732564330101013,4
CLaMP3,0,48,56,0.580081582069397,18
CLaMP3,0,48,60,0.3375500738620758,264
CLaMP3,0,48,73,0.423115998506546,82
CLaMP3,0,56,0,0.06319974362850189,16
CLaMP3,0,56,48,0.06896711885929108,16
CLaMP3,0,56,56,0.0,0
CLaMP3,0,56,60,0.199753075838089,16
CLaMP3,0,56,73,0.3056277334690094,16
CLaMP3,0,60,0,0.1064758375287056,262
CLaMP3,0,60,48,0.19952654838562012,262
CLaMP3,0,60,56,0.6618924140930176,16
CLaMP3,0,60,60,0.0,0
CLaMP3,0,60,73,0.3965227007865906,80
CLaMP3,0,73,0,0.10994164645671844,80
CLaMP3,0,73,48,0.1674533635377884,80
CLaMP3,0,73,56,0.5290324687957764,16
CLaMP3,0,73,60,0.2742616832256317,80
CLaMP3,0,73,73,0.0,0
CLaMP3,1,-1,-1,0.014911229722201824,1714
CLaMP3,1,0,0,0.1305040568113327,12
CLaMP3,1,0,48,0.23294103145599365,680
CLaMP3,1,0,56,0.6998105645179749,22
CLaMP3,1,0,60,0.38426992297172546,268
CLaMP3,1,0,73,0.5104990005493164,86
CLaMP3,1,48,0,0.2727562487125397,676
CLaMP3,1,48,48,0.10268067568540573,4
CLaMP3,1,48,56,0.5798611044883728,18
CLaMP3,1,48,60,0.39479154348373413,264
CLaMP3,1,48,73,0.46483054757118225,82
CLaMP3,1,56,0,0.09789997339248657,16
CLaMP3,1,56,48,0.1060008704662323,16
CLaMP3,1,56,56,0.0,0
CLaMP3,1,56,60,0.20236481726169586,16
CLaMP3,1,56,73,0.31613025069236755,16
CLaMP3,1,60,0,0.1465974748134613,262
CLaMP3,1,60,48,0.24447567760944366,262
CLaMP3,1,60,56,0.6580729484558105,16
CLaMP3,1,60,60,0.0,0
CLaMP3,1,60,73,0.41531163454055786,80
CLaMP3,1,73,0,0.13373978435993195,80
CLaMP3,1,73,48,0.146145299077034,80
CLaMP3,1,73,56,0.5887547135353088,16
CLaMP3,1,73,60,0.2849222421646118,80
CLaMP3,1,73,73,0.0,0
CLaMP3,2,-1,-1,0.01506276149302721,1714
CLaMP3,2,0,0,0.13771624863147736,12
CLaMP3,2,0,48,0.23306770622730255,680
CLaMP3,2,0,56,0.6505681872367859,22
CLaMP3,2,0,60,0.39100006222724915,268
CLaMP3,2,0,73,0.517775297164917,86
CLaMP3,2,48,0,0.28811249136924744,676
CLaMP3,2,48,48,0.1125372052192688,4
CLaMP3,2,48,56,0.5674679279327393,18
CLaMP3,2,48,60,0.41507279872894287,264
CLaMP3,2,48,73,0.4865891635417938,82
CLaMP3,2,56,0,0.10837160795927048,16
CLaMP3,2,56,48,0.11285435408353806,16
CLaMP3,2,56,56,0.0,0
CLaMP3,2,56,60,0.19212749600410461,16
CLaMP3,2,56,73,0.32129648327827454,16
CLaMP3,2,60,0,0.18848557770252228,262
CLaMP3,2,60,48,0.26447728276252747,262
CLaMP3,2,60,56,0.655195951461792,16
CLaMP3,2,60,60,0.0,0
CLaMP3,2,60,73,0.4229430556297302,80
CLaMP3,2,73,0,0.16512379050254822,80
CLaMP3,2,73,48,0.158066064119339,80
CLaMP3,2,73,56,0.5775444507598877,16
CLaMP3,2,73,60,0.3034932017326355,80
CLaMP3,2,73,73,0.0,0
CLaMP3,3,-1,-1,0.014159408397972584,1714
CLaMP3,3,0,0,0.13245801627635956,12
CLaMP3,3,0,48,0.21281957626342773,680
CLaMP3,3,0,56,0.5482954382896423,22
CLaMP3,3,0,60,0.37734609842300415,268
CLaMP3,3,0,73,0.5022278428077698,86
CLaMP3,3,48,0,0.28586557507514954,676
CLaMP3,3,48,48,0.11691087484359741,4
CLaMP3,3,48,56,0.5748753547668457,18
CLaMP3,3,48,60,0.41903388500213623,264
CLaMP3,3,48,73,0.4823894500732422,82
CLaMP3,3,56,0,0.1418493390083313,16
CLaMP3,3,56,48,0.13149990141391754,16
CLaMP3,3,56,56,0.0,0
CLaMP3,3,56,60,0.19298295676708221,16
CLaMP3,3,56,73,0.28623318672180176,16
CLaMP3,3,60,0,0.21003477275371552,262
CLaMP3,3,60,48,0.273127943277359,262
CLaMP3,3,60,56,0.6857514977455139,16
CLaMP3,3,60,60,0.0,0
CLaMP3,3,60,73,0.47161993384361267,80
CLaMP3,3,73,0,0.179385706782341,80
CLaMP3,3,73,48,0.17051655054092407,80
CLaMP3,3,73,56,0.6227825284004211,16
CLaMP3,3,73,60,0.32928234338760376,80
CLaMP3,3,73,73,0.0,0
CLaMP3,4,-1,-1,0.014392741955816746,1714
CLaMP3,4,0,0,0.1426641196012497,12
CLaMP3,4,0,48,0.20648762583732605,680
CLaMP3,4,0,56,0.585606038570404,22
CLaMP3,4,0,60,0.3706044554710388,268
CLaMP3,4,0,73,0.450396329164505,86
CLaMP3,4,48,0,0.28846898674964905,676
CLaMP3,4,48,48,0.0944940447807312,4
CLaMP3,4,48,56,0.5674679279327393,18
CLaMP3,4,48,60,0.4156881272792816,264
CLaMP3,4,48,73,0.49528107047080994,82
CLaMP3,4,56,0,0.1409415453672409,16
CLaMP3,4,56,48,0.1436948925256729,16
CLaMP3,4,56,56,0.0,0
CLaMP3,4,56,60,0.24357418715953827,16
CLaMP3,4,56,73,0.292866975069046,16
CLaMP3,4,60,0,0.22835443913936615,262
CLaMP3,4,60,48,0.29119256138801575,262
CLaMP3,4,60,56,0.6968625783920288,16
CLaMP3,4,60,60,0.0,0
CLaMP3,4,60,73,0.49587392807006836,80
CLaMP3,4,73,0,0.19141118228435516,80
CLaMP3,4,73,48,0.19141940772533417,80
CLaMP3,4,73,56,0.6424005627632141,16
CLaMP3,4,73,60,0.3273436427116394,80
CLaMP3,4,73,73,0.0,0
CLaMP3,5,-1,-1,0.014215030707418919,1714
CLaMP3,5,0,0,0.13586239516735077,12
CLaMP3,5,0,48,0.2000587433576584,680
CLaMP3,5,0,56,0.6055194735527039,22
CLaMP3,5,0,60,0.3811783194541931,268
CLaMP3,5,0,73,0.46864053606987,86
CLaMP3,5,48,0,0.3001560568809509,676
CLaMP3,5,48,48,0.1116175502538681,4
CLaMP3,5,48,56,0.5924679636955261,18
CLaMP3,5,48,60,0.42957013845443726,264
CLaMP3,5,48,73,0.4706452488899231,82
CLaMP3,5,56,0,0.1686730682849884,16
CLaMP3,5,56,48,0.15292462706565857,16
CLaMP3,5,56,56,0.0,0
CLaMP3,5,56,60,0.25228333473205566,16
CLaMP3,5,56,73,0.29578307271003723,16
CLaMP3,5,60,0,0.23185995221138,262
CLaMP3,5,60,48,0.29633215069770813,262
CLaMP3,5,60,56,0.6968750357627869,16
CLaMP3,5,60,60,0.0,0
CLaMP3,5,60,73,0.5096083283424377,80
CLaMP3,5,73,0,0.1855357587337494,80
CLaMP3,5,73,48,0.2052040994167328,80
CLaMP3,5,73,56,0.6429687738418579,16
CLaMP3,5,73,60,0.35132312774658203,80
CLaMP3,5,73,73,0.0,0
CLaMP3,6,-1,-1,0.012873569503426552,1714
CLaMP3,6,0,0,0.1421714872121811,12
CLaMP3,6,0,48,0.17489534616470337,680
CLaMP3,6,0,56,0.5714285373687744,22
CLaMP3,6,0,60,0.3708587884902954,268
CLaMP3,6,0,73,0.4518370032310486,86
CLaMP3,6,48,0,0.29604774713516235,676
CLaMP3,6,48,48,0.09515485167503357,4
CLaMP3,6,48,56,0.6364087462425232,18
CLaMP3,6,48,60,0.4236084818840027,264
CLaMP3,6,48,73,0.4734528362751007,82
CLaMP3,6,56,0,0.14487814903259277,16
CLaMP3,6,56,48,0.18200381100177765,16
CLaMP3,6,56,56,0.0,0
CLaMP3,6,56,60,0.2302677184343338,16
CLaMP3,6,56,73,0.2882051467895508,16
CLaMP3,6,60,0,0.2173227220773697,262
CLaMP3,6,60,48,0.2883366644382477,262
CLaMP3,6,60,56,0.6848958134651184,16
CLaMP3,6,60,60,0.0,0
CLaMP3,6,60,73,0.48740750551223755,80
CLaMP3,6,73,0,0.16038097441196442,80
CLaMP3,6,73,48,0.18422731757164001,80
CLaMP3,6,73,56,0.5979043245315552,16
CLaMP3,6,73,60,0.3320767283439636,80
CLaMP3,6,73,73,0.0,0
CLaMP3,7,-1,-1,0.011814238503575325,1714
CLaMP3,7,0,0,0.12623828649520874,12
CLaMP3,7,0,48,0.15512268245220184,680
CLaMP3,7,0,56,0.5351928472518921,22
CLaMP3,7,0,60,0.31687548756599426,268
CLaMP3,7,0,73,0.3824959993362427,86
CLaMP3,7,48,0,0.2763400673866272,676
CLaMP3,7,48,48,0.08337454497814178,4
CLaMP3,7,48,56,0.5881359577178955,18
CLaMP3,7,48,60,0.4123568534851074,264
CLaMP3,7,48,73,0.46091508865356445,82
CLaMP3,7,56,0,0.16047780215740204,16
CLaMP3,7,56,48,0.1853751391172409,16
CLaMP3,7,56,56,0.0,0
CLaMP3,7,56,60,0.23295405507087708,16
CLaMP3,7,56,73,0.2826927900314331,16
CLaMP3,7,60,0,0.2005613148212433,262
CLaMP3,7,60,48,0.2730679512023926,262
CLaMP3,7,60,56,0.6953125,16
CLaMP3,7,60,60,0.0,0
CLaMP3,7,60,73,0.48020926117897034,80
CLaMP3,7,73,0,0.16432850062847137,80
CLaMP3,7,73,48,0.17154231667518616,80
CLaMP3,7,73,56,0.6108506917953491,16
CLaMP3,7,73,60,0.3172283470630646,80
CLaMP3,7,73,73,0.0,0
CLaMP3,8,-1,-1,0.010713359341025352,1714
CLaMP3,8,0,0,0.14867694675922394,12
CLaMP3,8,0,48,0.16587527096271515,680
CLaMP3,8,0,56,0.480303019285202,22
CLaMP3,8,0,60,0.3244039714336395,268
CLaMP3,8,0,73,0.37418854236602783,86
CLaMP3,8,48,0,0.25473901629447937,676
CLaMP3,8,48,48,0.07772435992956161,4
CLaMP3,8,48,56,0.5813899636268616,18
CLaMP3,8,48,60,0.3983214199542999,264
CLaMP3,8,48,73,0.4437294900417328,82
CLaMP3,8,56,0,0.18914954364299774,16
CLaMP3,8,56,48,0.16171357035636902,16
CLaMP3,8,56,56,0.0,0
CLaMP3,8,56,60,0.1944829672574997,16
CLaMP3,8,56,73,0.31096726655960083,16
CLaMP3,8,60,0,0.19696106016635895,262
CLaMP3,8,60,48,0.2516849935054779,262
CLaMP3,8,60,56,0.696027934551239,16
CLaMP3,8,60,60,0.0,0
CLaMP3,8,60,73,0.4684275686740875,80
CLaMP3,8,73,0,0.16747479140758514,80
CLaMP3,8,73,48,0.16654372215270996,80
CLaMP3,8,73,56,0.48849427700042725,16
CLaMP3,8,73,60,0.3029114603996277,80
CLaMP3,8,73,73,0.0,0
CLaMP3,9,-1,-1,0.010531282052397728,1714
CLaMP3,9,0,0,0.1222219243645668,12
CLaMP3,9,0,48,0.17344509065151215,680
CLaMP3,9,0,56,0.4935261607170105,22
CLaMP3,9,0,60,0.31590691208839417,268
CLaMP3,9,0,73,0.3661091923713684,86
CLaMP3,9,48,0,0.268876850605011,676
CLaMP3,9,48,48,0.07430601865053177,4
CLaMP3,9,48,56,0.5668396949768066,18
CLaMP3,9,48,60,0.3995150625705719,264
CLaMP3,9,48,73,0.4466801583766937,82
CLaMP3,9,56,0,0.16838610172271729,16
CLaMP3,9,56,48,0.1600446105003357,16
CLaMP3,9,56,56,0.0,0
CLaMP3,9,56,60,0.1787022054195404,16
CLaMP3,9,56,73,0.3338138163089752,16
CLaMP3,9,60,0,0.2042364776134491,262
CLaMP3,9,60,48,0.2332996428012848,262
CLaMP3,9,60,56,0.633527934551239,16
CLaMP3,9,60,60,0.0,0
CLaMP3,9,60,73,0.4700060486793518,80
CLaMP3,9,73,0,0.15607723593711853,80
CLaMP3,9,73,48,0.16785787045955658,80
CLaMP3,9,73,56,0.543870210647583,16
CLaMP3,9,73,60,0.3017362952232361,80
CLaMP3,9,73,73,0.0,0
CLaMP3,10,-1,-1,0.009911035187542439,1714
CLaMP3,10,0,0,0.15106214582920074,12
CLaMP3,10,0,48,0.15294864773750305,680
CLaMP3,10,0,56,0.47891414165496826,22
CLaMP3,10,0,60,0.28588536381721497,268
CLaMP3,10,0,73,0.3451511561870575,86
CLaMP3,10,48,0,0.24023295938968658,676
CLaMP3,10,48,48,0.06435184925794601,4
CLaMP3,10,48,56,0.654273509979248,18
CLaMP3,10,48,60,0.3734012246131897,264
CLaMP3,10,48,73,0.43131473660469055,82
CLaMP3,10,56,0,0.14308911561965942,16
CLaMP3,10,56,48,0.20138153433799744,16
CLaMP3,10,56,56,0.0,0
CLaMP3,10,56,60,0.14709798991680145,16
CLaMP3,10,56,73,0.3361547589302063,16
CLaMP3,10,60,0,0.1987726092338562,262
CLaMP3,10,60,48,0.21410153806209564,262
CLaMP3,10,60,56,0.6448644995689392,16
CLaMP3,10,60,60,0.0,0
CLaMP3,10,60,73,0.4610259532928467,80
CLaMP3,10,73,0,0.15755954384803772,80
CLaMP3,10,73,48,0.1667824536561966,80
CLaMP3,10,73,56,0.557068407535553,16
CLaMP3,10,73,60,0.2809554636478424,80
CLaMP3,10,73,73,0.0,0
CLaMP3,11,-1,-1,0.01017984002828598,1714
CLaMP3,11,0,0,0.15214841067790985,12
CLaMP3,11,0,48,0.13845691084861755,680
CLaMP3,11,0,56,0.49583330750465393,22
CLaMP3,11,0,60,0.2749505341053009,268
CLaMP3,11,0,73,0.3332696557044983,86
CLaMP3,11,48,0,0.2162451446056366,676
CLaMP3,11,48,48,0.019051093608140945,4
CLaMP3,11,48,56,0.6504209041595459,18
CLaMP3,11,48,60,0.3576660752296448,264
CLaMP3,11,48,73,0.416775107383728,82
CLaMP3,11,56,0,0.12909381091594696,16
CLaMP3,11,56,48,0.18541698157787323,16
CLaMP3,11,56,56,0.0,0
CLaMP3,11,56,60,0.14879561960697174,16
CLaMP3,11,56,73,0.34050363302230835,16
CLaMP3,11,60,0,0.19279955327510834,262
CLaMP3,11,60,48,0.21683867275714874,262
CLaMP3,11,60,56,0.617307722568512,16
CLaMP3,11,60,60,0.0,0
CLaMP3,11,60,73,0.4601423144340515,80
CLaMP3,11,73,0,0.13635779917240143,80
CLaMP3,11,73,48,0.16016480326652527,80
CLaMP3,11,73,56,0.5170348882675171,16
CLaMP3,11,73,60,0.26626744866371155,80
CLaMP3,11,73,73,0.0,0
CLaMP3,12,-1,-1,0.01097569614648819,1714
CLaMP3,12,0,0,0.14627525210380554,12
CLaMP3,12,0,48,0.1365852802991867,680
CLaMP3,12,0,56,0.4231601655483246,22
CLaMP3,12,0,60,0.28069910407066345,268
CLaMP3,12,0,73,0.31674155592918396,86
CLaMP3,12,48,0,0.21778160333633423,676
CLaMP3,12,48,48,0.023842358961701393,4
CLaMP3,12,48,56,0.6449735164642334,18
CLaMP3,12,48,60,0.35994455218315125,264
CLaMP3,12,48,73,0.43640923500061035,82
CLaMP3,12,56,0,0.12628287076950073,16
CLaMP3,12,56,48,0.1991545557975769,16
CLaMP3,12,56,56,0.0,0
CLaMP3,12,56,60,0.16055412590503693,16
CLaMP3,12,56,73,0.3351796567440033,16
CLaMP3,12,60,0,0.18980197608470917,262
CLaMP3,12,60,48,0.22151601314544678,262
CLaMP3,12,60,56,0.6460279822349548,16
CLaMP3,12,60,60,0.0,0
CLaMP3,12,60,73,0.45324745774269104,80
CLaMP3,12,73,0,0.11744911968708038,80
CLaMP3,12,73,48,0.15052776038646698,80
CLaMP3,12,73,56,0.49783843755722046,16
CLaMP3,12,73,60,0.2614280581474304,80
CLaMP3,12,73,73,0.0,0
MERT-v1-95M,0,-1,-1,0.009946374222636223,1714
MERT-v1-95M,0,0,0,0.1925809234380722,12
MERT-v1-95M,0,0,48,0.07864989340305328,680
MERT-v1-95M,0,0,56,0.5444252490997314,22
MERT-v1-95M,0,0,60,0.20136435329914093,268
MERT-v1-95M,0,0,73,0.2483271062374115,86
MERT-v1-95M,0,48,0,0.09721942991018295,676
MERT-v1-95M,0,48,48,0.02571461722254753,4
MERT-v1-95M,0,48,56,0.5146845579147339,18
MERT-v1-95M,0,48,60,0.20017141103744507,264
MERT-v1-95M,0,48,73,0.2373344600200653,82
MERT-v1-95M,0,56,0,0.14812374114990234,16
MERT-v1-95M,0,56,48,0.07876715064048767,16
MERT-v1-95M,0,56,56,0.0,0
MERT-v1-95M,0,56,60,0.19225896894931793,16
MERT-v1-95M,0,56,73,0.33946043252944946,16
MERT-v1-95M,0,60,0,0.0855461061000824,262
MERT-v1-95M,0,60,48,0.11238790303468704,262
MERT-v1-95M,0,60,56,0.5657452344894409,16
MERT-v1-95M,0,60,60,0.0,0
MERT-v1-95M,0,60,73,0.3046918213367462,80
MERT-v1-95M,0,73,0,0.035238683223724365,80
MERT-v1-95M,0,73,48,0.07550577819347382,80
MERT-v1-95M,0,73,56,0.5773313641548157,16
MERT-v1-95M,0,73,60,0.23524227738380432,80
MERT-v1-95M,0,73,73,0.0,0
MERT-v1-95M,1,-1,-1,0.008970864117145538,1714
MERT-v1-95M,1,0,0,0.15787671506404877,12
MERT-v1-95M,1,0,48,0.07701084762811661,680
MERT-v1-95M,1,0,56,0.5541846752166748,22
MERT-v1-95M,1,0,60,0.22757214307785034,268
MERT-v1-95M,1,0,73,0.26600825786590576,86
MERT-v1-95M,1,48,0,0.0793561115860939,676
MERT-v1-95M,1,48,48,0.009728213772177696,4
MERT-v1-95M,1,48,56,0.4864327609539032,18
MERT-v1-95M,1,48,60,0.18210281431674957,264
MERT-v1-95M,1,48,73,0.26137080788612366,82
MERT-v1-95M,1,56,0,0.14859354496002197,16
MERT-v1-95M,1,56,48,0.07534611225128174,16
MERT-v1-95M,1,56,56,0.0,0
MERT-v1-95M,1,56,60,0.191473588347435,16
MERT-v1-95M,1,56,73,0.34872958064079285,16
MERT-v1-95M,1,60,0,0.08656514436006546,262
MERT-v1-95M,1,60,48,0.12377003580331802,262
MERT-v1-95M,1,60,56,0.5607514977455139,16
MERT-v1-95M,1,60,60,0.0,0
MERT-v1-95M,1,60,73,0.32368651032447815,80
MERT-v1-95M,1,73,0,0.05382455140352249,80
MERT-v1-95M,1,73,48,0.06466040015220642,80
MERT-v1-95M,1,73,56,0.5179958343505859,16
MERT-v1-95M,1,73,60,0.2477557212114334,80
MERT-v1-95M,1,73,73,0.0,0
MERT-v1-95M,2,-1,-1,0.009762034751474857,1714
MERT-v1-95M,2,0,0,0.20220761001110077,12
MERT-v1-95M,2,0,48,0.09716206789016724,680
MERT-v1-95M,2,0,56,0.5855429172515869,22
MERT-v1-95M,2,0,60,0.2232649028301239,268
MERT-v1-95M,2,0,73,0.33698856830596924,86
MERT-v1-95M,2,48,0,0.1216905266046524,676
MERT-v1-95M,2,48,48,0.028472470119595528,4
MERT-v1-95M,2,48,56,0.5596230030059814,18
MERT-v1-95M,2,48,60,0.25415050983428955,264
MERT-v1-95M,2,48,73,0.2827015817165375,82
MERT-v1-95M,2,56,0,0.06746100634336472,16
MERT-v1-95M,2,56,48,0.07389426976442337,16
MERT-v1-95M,2,56,56,0.0,0
MERT-v1-95M,2,56,60,0.21174003183841705,16
MERT-v1-95M,2,56,73,0.34937527775764465,16
MERT-v1-95M,2,60,0,0.11018933355808258,262
MERT-v1-95M,2,60,48,0.13167470693588257,262
MERT-v1-95M,2,60,56,0.6596354246139526,16
MERT-v1-95M,2,60,60,0.0,0
MERT-v1-95M,2,60,73,0.36898788809776306,80
MERT-v1-95M,2,73,0,0.09082452952861786,80
MERT-v1-95M,2,73,48,0.08798489719629288,80
MERT-v1-95M,2,73,56,0.5887547135353088,16
MERT-v1-95M,2,73,60,0.2565612196922302,80
MERT-v1-95M,2,73,73,0.0,0
MERT-v1-95M,3,-1,-1,0.012858868576586246,1714
MERT-v1-95M,3,0,0,0.17189784348011017,12
MERT-v1-95M,3,0,48,0.16639119386672974,680
MERT-v1-95M,3,0,56,0.5954455733299255,22
MERT-v1-95M,3,0,60,0.2852826416492462,268
MERT-v1-95M,3,0,73,0.41169992089271545,86
MERT-v1-95M,3,48,0,0.19760966300964355,676
MERT-v1-95M,3,48,48,0.052298542112112045,4
MERT-v1-95M,3,48,56,0.5540674328804016,18
MERT-v1-95M,3,48,60,0.34595003724098206,264
MERT-v1-95M,3,48,73,0.3642844557762146,82
MERT-v1-95M,3,56,0,0.12001679837703705,16
MERT-v1-95M,3,56,48,0.10967312753200531,16
MERT-v1-95M,3,56,56,0.0,0
MERT-v1-95M,3,56,60,0.23216478526592255,16
MERT-v1-95M,3,56,73,0.3373199701309204,16
MERT-v1-95M,3,60,0,0.1547853648662567,262
MERT-v1-95M,3,60,48,0.19859077036380768,262
MERT-v1-95M,3,60,56,0.6575521230697632,16
MERT-v1-95M,3,60,60,0.0,0
MERT-v1-95M,3,60,73,0.39057761430740356,80
MERT-v1-95M,3,73,0,0.13304586708545685,80
MERT-v1-95M,3,73,48,0.14148011803627014,80
MERT-v1-95M,3,73,56,0.5966145992279053,16
MERT-v1-95M,3,73,60,0.25863662362098694,80
MERT-v1-95M,3,73,73,0.0,0
MERT-v1-95M,4,-1,-1,0.014300552196800709,1714
MERT-v1-95M,4,0,0,0.15346114337444305,12
MERT-v1-95M,4,0,48,0.21371237933635712,680
MERT-v1-95M,4,0,56,0.5836489200592041,22
MERT-v1-95M,4,0,60,0.30290114879608154,268
MERT-v1-95M,4,0,73,0.44237783551216125,86
MERT-v1-95M,4,48,0,0.24783176183700562,676
MERT-v1-95M,4,48,48,0.06539783626794815,4
MERT-v1-95M,4,48,56,0.5165013074874878,18
MERT-v1-95M,4,48,60,0.3470688462257385,264
MERT-v1-95M,4,48,73,0.3777869641780853,82
MERT-v1-95M,4,56,0,0.11194919049739838,16
MERT-v1-95M,4,56,48,0.12482483685016632,16
MERT-v1-95M,4,56,56,0.0,0
MERT-v1-95M,4,56,60,0.2176886796951294,16
MERT-v1-95M,4,56,73,0.34831351041793823,16
MERT-v1-95M,4,60,0,0.1458071619272232,262
MERT-v1-95M,4,60,48,0.21367928385734558,262
MERT-v1-95M,4,60,56,0.6777777671813965,16
MERT-v1-95M,4,60,60,0.0,0
MERT-v1-95M,4,60,73,0.37792977690696716,80
MERT-v1-95M,4,73,0,0.15749970078468323,80
MERT-v1-95M,4,73,48,0.15303130447864532,80
MERT-v1-95M,4,73,56,0.6176215410232544,16
MERT-v1-95M,4,73,60,0.26474085450172424,80
MERT-v1-95M,4,73,73,0.0,0
MERT-v1-95M,5,-1,-1,0.01540213730186224,1714
MERT-v1-95M,5,0,0,0.13636082410812378,12
MERT-v1-95M,5,0,48,0.2307281494140625,680
MERT-v1-95M,5,0,56,0.569940447807312,22
MERT-v1-95M,5,0,60,0.29278135299682617,268
MERT-v1-95M,5,0,73,0.4244764447212219,86
MERT-v1-95M,5,48,0,0.2400442212820053,676
MERT-v1-95M,5,48,48,0.06356564164161682,4
MERT-v1-95M,5,48,56,0.5262234807014465,18
MERT-v1-95M,5,48,60,0.3701538145542145,264
MERT-v1-95M,5,48,73,0.4271673858165741,82
MERT-v1-95M,5,56,0,0.11978457868099213,16
MERT-v1-95M,5,56,48,0.13234330713748932,16
MERT-v1-95M,5,56,56,0.0,0
MERT-v1-95M,5,56,60,0.2053292989730835,16
MERT-v1-95M,5,56,73,0.3166009187698364,16
MERT-v1-95M,5,60,0,0.14226029813289642,262
MERT-v1-95M,5,60,48,0.2238120436668396,262
MERT-v1-95M,5,60,56,0.6254340410232544,16
MERT-v1-95M,5,60,60,0.0,0
MERT-v1-95M,5,60,73,0.3943571150302887,80
MERT-v1-95M,5,73,0,0.15537351369857788,80
MERT-v1-95M,5,73,48,0.15737184882164001,80
MERT-v1-95M,5,73,56,0.5572048425674438,16
MERT-v1-95M,5,73,60,0.25750863552093506,80
MERT-v1-95M,5,73,73,0.0,0
MERT-v1-95M,6,-1,-1,0.013923987746238708,1714
MERT-v1-95M,6,0,0,0.13728667795658112,12
MERT-v1-95M,6,0,48,0.22837230563163757,680
MERT-v1-95M,6,0,56,0.6195075511932373,22
MERT-v1-95M,6,0,60,0.3095851242542267,268
MERT-v1-95M,6,0,73,0.45438504219055176,86
MERT-v1-95M,6,48,0,0.21920141577720642,676
MERT-v1-95M,6,48,48,0.08317722380161285,4
MERT-v1-95M,6,48,56,0.5121142268180847,18
MERT-v1-95M,6,48,60,0.36607441306114197,264
MERT-v1-95M,6,48,73,0.3952741324901581,82
MERT-v1-95M,6,56,0,0.11286864429712296,16
MERT-v1-95M,6,56,48,0.11372769623994827,16
MERT-v1-95M,6,56,56,0.0,0
MERT-v1-95M,6,56,60,0.2564793825149536,16
MERT-v1-95M,6,56,73,0.30473998188972473,16
MERT-v1-95M,6,60,0,0.14810021221637726,262
MERT-v1-95M,6,60,48,0.22667144238948822,262
MERT-v1-95M,6,60,56,0.6976562142372131,16
MERT-v1-95M,6,60,60,0.0,0
MERT-v1-95M,6,60,73,0.40775066614151,80
MERT-v1-95M,6,73,0,0.1552841067314148,80
MERT-v1-95M,6,73,48,0.1580110788345337,80
MERT-v1-95M,6,73,56,0.5791542530059814,16
MERT-v1-95M,6,73,60,0.29575473070144653,80
MERT-v1-95M,6,73,73,0.0,0
MERT-v1-95M,7,-1,-1,0.015557751059532166,1714
MERT-v1-95M,7,0,0,0.14407853782176971,12
MERT-v1-95M,7,0,48,0.22209379076957703,680
MERT-v1-95M,7,0,56,0.5936480164527893,22
MERT-v1-95M,7,0,60,0.28976425528526306,268
MERT-v1-95M,7,0,73,0.4521064758300781,86
MERT-v1-95M,7,48,0,0.23167046904563904,676
MERT-v1-95M,7,48,48,0.0811370462179184,4
MERT-v1-95M,7,48,56,0.5689283609390259,18
MERT-v1-95M,7,48,60,0.38079550862312317,264
MERT-v1-95M,7,48,73,0.3963959813117981,82
MERT-v1-95M,7,56,0,0.13177934288978577,16
MERT-v1-95M,7,56,48,0.14352698624134064,16
MERT-v1-95M,7,56,56,0.0,0
MERT-v1-95M,7,56,60,0.26339006423950195,16
MERT-v1-95M,7,56,73,0.36359158158302307,16
MERT-v1-95M,7,60,0,0.1544482409954071,262
MERT-v1-95M,7,60,48,0.2421523779630661,262
MERT-v1-95M,7,60,56,0.6895833015441895,16
MERT-v1-95M,7,60,60,0.0,0
MERT-v1-95M,7,60,73,0.3849140703678131,80
MERT-v1-95M,7,73,0,0.14588116109371185,80
MERT-v1-95M,7,73,48,0.15183523297309875,80
MERT-v1-95M,7,73,56,0.5614458918571472,16
MERT-v1-95M,7,73,60,0.25918149948120117,80
MERT-v1-95M,7,73,73,0.0,0
MERT-v1-95M,8,-1,-1,0.01612599939107895,1714
MERT-v1-95M,8,0,0,0.1389997899532318,12
MERT-v1-95M,8,0,48,0.2158658653497696,680
MERT-v1-95M,8,0,56,0.6385281085968018,22
MERT-v1-95M,8,0,60,0.28695958852767944,268
MERT-v1-95M,8,0,73,0.42579397559165955,86
MERT-v1-95M,8,48,0,0.2395826280117035,676
MERT-v1-95M,8,48,48,0.07327058911323547,4
MERT-v1-95M,8,48,56,0.5876783728599548,18
MERT-v1-95M,8,48,60,0.36855632066726685,264
MERT-v1-95M,8,48,73,0.4028312861919403,82
MERT-v1-95M,8,56,0,0.12939845025539398,16
MERT-v1-95M,8,56,48,0.13166239857673645,16
MERT-v1-95M,8,56,56,0.0,0
MERT-v1-95M,8,56,60,0.27066493034362793,16
MERT-v1-95M,8,56,73,0.34639596939086914,16
MERT-v1-95M,8,60,0,0.1435236930847168,262
MERT-v1-95M,8,60,48,0.21524173021316528,262
MERT-v1-95M,8,60,56,0.7291666865348816,16
MERT-v1-95M,8,60,60,0.0,0
MERT-v1-95M,8,60,73,0.3749701678752899,80
MERT-v1-95M,8,73,0,0.15914621949195862,80
MERT-v1-95M,8,73,48,0.14749601483345032,80
MERT-v1-95M,8,73,56,0.5652778148651123,16
MERT-v1-95M,8,73,60,0.264165461063385,80
MERT-v1-95M,8,73,73,0.0,0
MERT-v1-95M,9,-1,-1,0.0179422739893198,1714
MERT-v1-95M,9,0,0,0.1375974863767624,12
MERT-v1-95M,9,0,48,0.23825041949748993,680
MERT-v1-95M,9,0,56,0.574999988079071,22
MERT-v1-95M,9,0,60,0.28955742716789246,268
MERT-v1-95M,9,0,73,0.4277057349681854,86
MERT-v1-95M,9,48,0,0.24366602301597595,676
MERT-v1-95M,9,48,48,0.07331518828868866,4
MERT-v1-95M,9,48,56,0.5525352358818054,18
MERT-v1-95M,9,48,60,0.3887616693973541,264
MERT-v1-95M,9,48,73,0.39200228452682495,82
MERT-v1-95M,9,56,0,0.11137477308511734,16
MERT-v1-95M,9,56,48,0.11310473084449768,16
MERT-v1-95M,9,56,56,0.0,0
MERT-v1-95M,9,56,60,0.23239852488040924,16
MERT-v1-95M,9,56,73,0.38182318210601807,16
MERT-v1-95M,9,60,0,0.13969258964061737,262
MERT-v1-95M,9,60,48,0.214553102850914,262
MERT-v1-95M,9,60,56,0.731249988079071,16
MERT-v1-95M,9,60,60,0.0,0
MERT-v1-95M,9,60,73,0.33965858817100525,80
MERT-v1-95M,9,73,0,0.13128581643104553,80
MERT-v1-95M,9,73,48,0.1282486468553543,80
MERT-v1-95M,9,73,56,0.5392361283302307,16
MERT-v1-95M,9,73,60,0.26565343141555786,80
MERT-v1-95M,9,73,73,0.0,0
MERT-v1-95M,10,-1,-1,0.023033015429973602,1714
MERT-v1-95M,10,0,0,0.13464973866939545,12
MERT-v1-95M,10,0,48,0.255243718624115,680
MERT-v1-95M,10,0,56,0.5436146855354309,22
MERT-v1-95M,10,0,60,0.2905982434749603,268
MERT-v1-95M,10,0,73,0.4315144717693329,86
MERT-v1-95M,10,48,0,0.25838208198547363,676
MERT-v1-95M,10,48,48,0.10237155854701996,4
MERT-v1-95M,10,48,56,0.5550504922866821,18
MERT-v1-95M,10,48,60,0.36628463864326477,264
MERT-v1-95M,10,48,73,0.40388187766075134,82
MERT-v1-95M,10,56,0,0.11926429718732834,16
MERT-v1-95M,10,56,48,0.05973043292760849,16
MERT-v1-95M,10,56,56,0.0,0
MERT-v1-95M,10,56,60,0.22099781036376953,16
MERT-v1-95M,10,56,73,0.37527137994766235,16
MERT-v1-95M,10,60,0,0.11457903683185577,262
MERT-v1-95M,10,60,48,0.1951133906841278,262
MERT-v1-95M,10,60,56,0.7038194537162781,16
MERT-v1-95M,10,60,60,0.0,0
MERT-v1-95M,10,60,73,0.39649105072021484,80
MERT-v1-95M,10,73,0,0.1317424476146698,80
MERT-v1-95M,10,73,48,0.1291617453098297,80
MERT-v1-95M,10,73,56,0.5465278029441833,16
MERT-v1-95M,10,73,60,0.29903095960617065,80
MERT-v1-95M,10,73,73,0.0,0
MERT-v1-95M,11,-1,-1,0.028110191226005554,1714
MERT-v1-95M,11,0,0,0.1276025027036667,12
MERT-v1-95M,11,0,48,0.2672388255596161,680
MERT-v1-95M,11,0,56,0.5460227131843567,22
MERT-v1-95M,11,0,60,0.29403576254844666,268
MERT-v1-95M,11,0,73,0.43730634450912476,86
MERT-v1-95M,11,48,0,0.293174147605896,676
MERT-v1-95M,11,48,48,0.10020861774682999,4
MERT-v1-95M,11,48,56,0.5983374714851379,18
MERT-v1-95M,11,48,60,0.3873542547225952,264
MERT-v1-95M,11,48,73,0.4019419550895691,82
MERT-v1-95M,11,56,0,0.07706912606954575,16
MERT-v1-95M,11,56,48,0.046187251806259155,16
MERT-v1-95M,11,56,56,0.0,0
MERT-v1-95M,11,56,60,0.2746068239212036,16
MERT-v1-95M,11,56,73,0.2916364371776581,16
MERT-v1-95M,11,60,0,0.1054210513830185,262
MERT-v1-95M,11,60,48,0.17459353804588318,262
MERT-v1-95M,11,60,56,0.729600727558136,16
MERT-v1-95M,11,60,60,0.0,0
MERT-v1-95M,11,60,73,0.39021140336990356,80
MERT-v1-95M,11,73,0,0.134333074092865,80
MERT-v1-95M,11,73,48,0.1339559555053711,80
MERT-v1-95M,11,73,56,0.46953126788139343,16
MERT-v1-95M,11,73,60,0.30236440896987915,80
MERT-v1-95M,11,73,73,0.0,0
MERT-v1-95M,12,-1,-1,0.038208410143852234,1714
MERT-v1-95M,12,0,0,0.10804742574691772,12
MERT-v1-95M,12,0,48,0.28163719177246094,680
MERT-v1-95M,12,0,56,0.5958333015441895,22
MERT-v1-95M,12,0,60,0.27821001410484314,268
MERT-v1-95M,12,0,73,0.42032068967819214,86
MERT-v1-95M,12,48,0,0.2634332776069641,676
MERT-v1-95M,12,48,48,0.09535449743270874,4
MERT-v1-95M,12,48,56,0.6053571701049805,18
MERT-v1-95M,12,48,60,0.36774152517318726,264
MERT-v1-95M,12,48,73,0.38195115327835083,82
MERT-v1-95M,12,56,0,0.05548395216464996,16
MERT-v1-95M,12,56,48,0.06188402324914932,16
MERT-v1-95M,12,56,56,0.0,0
MERT-v1-95M,12,56,60,0.23817101120948792,16
MERT-v1-95M,12,56,73,0.18845394253730774,16
MERT-v1-95M,12,60,0,0.07564883679151535,262
MERT-v1-95M,12,60,48,0.13687323033809662,262
MERT-v1-95M,12,60,56,0.6719478368759155,16
MERT-v1-95M,12,60,60,0.0,0
MERT-v1-95M,12,60,73,0.30175113677978516,80
MERT-v1-95M,12,73,0,0.11195485293865204,80
MERT-v1-95M,12,73,48,0.12233154475688934,80
MERT-v1-95M,12,73,56,0.5325854420661926,16
MERT-v1-95M,12,73,60,0.29002681374549866,80
MERT-v1-95M,12,73,73,0.0,0
MuQ,0,-1,-1,0.00764844473451376,1714
MuQ,0,0,0,0.14885400235652924,12
MuQ,0,0,48,0.049119871109724045,680
MuQ,0,0,56,0.5315268039703369,22
MuQ,0,0,60,0.12675905227661133,268
MuQ,0,0,73,0.37882062792778015,86
MuQ,0,48,0,0.23506417870521545,676
MuQ,0,48,48,0.09490232169628143,4
MuQ,0,48,56,0.6463293433189392,18
MuQ,0,48,60,0.4350135624408722,264
MuQ,0,48,73,0.5158326029777527,82
MuQ,0,56,0,0.10383471101522446,16
MuQ,0,56,48,0.03226085379719734,16
MuQ,0,56,56,0.0,0
MuQ,0,56,60,0.12083107978105545,16
MuQ,0,56,73,0.393006294965744,16
MuQ,0,60,0,0.19522613286972046,262
MuQ,0,60,48,0.16484256088733673,262
MuQ,0,60,56,0.5631410479545593,16
MuQ,0,60,60,0.0,0
MuQ,0,60,73,0.4935174882411957,80
MuQ,0,73,0,0.09984000027179718,80
MuQ,0,73,48,0.059969425201416016,80
MuQ,0,73,56,0.5518585443496704,16
MuQ,0,73,60,0.19594812393188477,80
MuQ,0,73,73,0.0,0
MuQ,1,-1,-1,0.01070963591337204,1714
MuQ,1,0,0,0.1261969357728958,12
MuQ,1,0,48,0.10810042917728424,680
MuQ,1,0,56,0.5141775012016296,22
MuQ,1,0,60,0.23712266981601715,268
MuQ,1,0,73,0.4279862642288208,86
MuQ,1,48,0,0.35469377040863037,676
MuQ,1,48,48,0.1121031790971756,4
MuQ,1,48,56,0.632440447807312,18
MuQ,1,48,60,0.48146340250968933,264
MuQ,1,48,73,0.5375376343727112,82
MuQ,1,56,0,0.16583500802516937,16
MuQ,1,56,48,0.07339684665203094,16
MuQ,1,56,56,0.0,0
MuQ,1,56,60,0.13141800463199615,16
MuQ,1,56,73,0.40709471702575684,16
MuQ,1,60,0,0.29018405079841614,262
MuQ,1,60,48,0.2908262610435486,262
MuQ,1,60,56,0.5771576762199402,16
MuQ,1,60,60,0.0,0
MuQ,1,60,73,0.547308623790741,80
MuQ,1,73,0,0.136138454079628,80
MuQ,1,73,48,0.120526984333992,80
MuQ,1,73,56,0.5998124480247498,16
MuQ,1,73,60,0.3078782260417938,80
MuQ,1,73,73,0.0,0
MuQ,2,-1,-1,0.011419794522225857,1714
MuQ,2,0,0,0.12332657724618912,12
MuQ,2,0,48,0.17876151204109192,680
MuQ,2,0,56,0.5695138573646545,22
MuQ,2,0,60,0.3279430866241455,268
MuQ,2,0,73,0.44691985845565796,86
MuQ,2,48,0,0.3849237561225891,676
MuQ,2,48,48,0.126253142952919,4
MuQ,2,48,56,0.5910789966583252,18
MuQ,2,48,60,0.48953166604042053,264
MuQ,2,48,73,0.5578241348266602,82
MuQ,2,56,0,0.22448192536830902,16
MuQ,2,56,48,0.08258894830942154,16
MuQ,2,56,56,0.0,0
MuQ,2,56,60,0.1416541039943695,16
MuQ,2,56,73,0.40279877185821533,16
MuQ,2,60,0,0.2932279706001282,262
MuQ,2,60,48,0.3273294270038605,262
MuQ,2,60,56,0.5997395515441895,16
MuQ,2,60,60,0.0,0
MuQ,2,60,73,0.576095700263977,80
MuQ,2,73,0,0.1603131741285324,80
MuQ,2,73,48,0.16432197391986847,80
MuQ,2,73,56,0.6502131223678589,16
MuQ,2,73,60,0.3375965356826782,80
MuQ,2,73,73,0.0,0
MuQ,3,-1,-1,0.012096559628844261,1714
MuQ,3,0,0,0.12848754227161407,12
MuQ,3,0,48,0.22550857067108154,680
MuQ,3,0,56,0.5110390186309814,22
MuQ,3,0,60,0.3535477817058563,268
MuQ,3,0,73,0.4075586199760437,86
MuQ,3,48,0,0.3757801055908203,676
MuQ,3,48,48,0.14120371639728546,4
MuQ,3,48,56,0.6057449579238892,18
MuQ,3,48,60,0.4817221760749817,264
MuQ,3,48,73,0.5553808212280273,82
MuQ,3,56,0,0.22249360382556915,16
MuQ,3,56,48,0.0758790522813797,16
MuQ,3,56,56,0.0,0
MuQ,3,56,60,0.15998616814613342,16
MuQ,3,56,73,0.37643757462501526,16
MuQ,3,60,0,0.3022550642490387,262
MuQ,3,60,48,0.3184413015842438,262
MuQ,3,60,56,0.6013765335083008,16
MuQ,3,60,60,0.0,0
MuQ,3,60,73,0.5679963231086731,80
MuQ,3,73,0,0.15645578503608704,80
MuQ,3,73,48,0.17894703149795532,80
MuQ,3,73,56,0.6643500328063965,16
MuQ,3,73,60,0.3502834439277649,80
MuQ,3,73,73,0.0,0
MuQ,4,-1,-1,0.01533755473792553,1714
MuQ,4,0,0,0.12259937077760696,12
MuQ,4,0,48,0.26467573642730713,680
MuQ,4,0,56,0.6465909481048584,22
MuQ,4,0,60,0.3898526430130005,268
MuQ,4,0,73,0.4732000529766083,86
MuQ,4,48,0,0.37552666664123535,676
MuQ,4,48,48,0.14723390340805054,4
MuQ,4,48,56,0.6048610806465149,18
MuQ,4,48,60,0.48182162642478943,264
MuQ,4,48,73,0.5752000212669373,82
MuQ,4,56,0,0.2680967450141907,16
MuQ,4,56,48,0.06548058241605759,16
MuQ,4,56,56,0.0,0
MuQ,4,56,60,0.17962104082107544,16
MuQ,4,56,73,0.4209287166595459,16
MuQ,4,60,0,0.3038124740123749,262
MuQ,4,60,48,0.34112945199012756,262
MuQ,4,60,56,0.6729166507720947,16
MuQ,4,60,60,0.0,0
MuQ,4,60,73,0.6280364990234375,80
MuQ,4,73,0,0.1696065217256546,80
MuQ,4,73,48,0.18328282237052917,80
MuQ,4,73,56,0.6539332866668701,16
MuQ,4,73,60,0.39969566464424133,80
MuQ,4,73,73,0.0,0
MuQ,5,-1,-1,0.016937516629695892,1714
MuQ,5,0,0,0.12703533470630646,12
MuQ,5,0,48,0.26994577050209045,680
MuQ,5,0,56,0.6053030490875244,22
MuQ,5,0,60,0.4102661609649658,268
MuQ,5,0,73,0.4793298840522766,86
MuQ,5,48,0,0.3780224323272705,676
MuQ,5,48,48,0.1525900959968567,4
MuQ,5,48,56,0.5738425850868225,18
MuQ,5,48,60,0.489932656288147,264
MuQ,5,48,73,0.5729373097419739,82
MuQ,5,56,0,0.24743615090847015,16
MuQ,5,56,48,0.057580508291721344,16
MuQ,5,56,56,0.0,0
MuQ,5,56,60,0.18969011306762695,16
MuQ,5,56,73,0.3915875256061554,16
MuQ,5,60,0,0.32163006067276,262
MuQ,5,60,48,0.3382686972618103,262
MuQ,5,60,56,0.6468749642372131,16
MuQ,5,60,60,0.0,0
MuQ,5,60,73,0.6203625798225403,80
MuQ,5,73,0,0.17235401272773743,80
MuQ,5,73,48,0.18591651320457458,80
MuQ,5,73,56,0.64453125,16
MuQ,5,73,60,0.4006568491458893,80
MuQ,5,73,73,0.0,0
MuQ,6,-1,-1,0.01995924860239029,1714
MuQ,6,0,0,0.13374151289463043,12
MuQ,6,0,48,0.306194931268692,680
MuQ,6,0,56,0.6381223201751709,22
MuQ,6,0,60,0.4423435926437378,268
MuQ,6,0,73,0.5178555250167847,86
MuQ,6,48,0,0.391376256942749,676
MuQ,6,48,48,0.1299171894788742,4
MuQ,6,48,56,0.5891203880310059,18
MuQ,6,48,60,0.5023177266120911,264
MuQ,6,48,73,0.5913711786270142,82
MuQ,6,56,0,0.31982558965682983,16
MuQ,6,56,48,0.06850211322307587,16
MuQ,6,56,56,0.0,0
MuQ,6,56,60,0.20804481208324432,16
MuQ,6,56,73,0.42218610644340515,16
MuQ,6,60,0,0.3428051173686981,262
MuQ,6,60,48,0.35306087136268616,262
MuQ,6,60,56,0.6747395992279053,16
MuQ,6,60,60,0.0,0
MuQ,6,60,73,0.6163505911827087,80
MuQ,6,73,0,0.18171533942222595,80
MuQ,6,73,48,0.19219492375850677,80
MuQ,6,73,56,0.6679214239120483,16
MuQ,6,73,60,0.41414985060691833,80
MuQ,6,73,73,0.0,0
MuQ,7,-1,-1,0.03513193130493164,1714
MuQ,7,0,0,0.14720703661441803,12
MuQ,7,0,48,0.390862375497818,680
MuQ,7,0,56,0.798701286315918,22
MuQ,7,0,60,0.5414907932281494,268
MuQ,7,0,73,0.5954474210739136,86
MuQ,7,48,0,0.44394218921661377,676
MuQ,7,48,48,0.12786172330379486,4
MuQ,7,48,56,0.6768518090248108,18
MuQ,7,48,60,0.548886775970459,264
MuQ,7,48,73,0.6456385254859924,82
MuQ,7,56,0,0.35557931661605835,16
MuQ,7,56,48,0.14708168804645538,16
MuQ,7,56,56,0.0,0
MuQ,7,56,60,0.27004289627075195,16
MuQ,7,56,73,0.5081974864006042,16
MuQ,7,60,0,0.4021807312965393,262
MuQ,7,60,48,0.38502824306488037,262
MuQ,7,60,56,0.7333333492279053,16
MuQ,7,60,60,0.0,0
MuQ,7,60,73,0.6908776164054871,80
MuQ,7,73,0,0.2591961920261383,80
MuQ,7,73,48,0.25152498483657837,80
MuQ,7,73,56,0.72265625,16
MuQ,7,73,60,0.4889647960662842,80
MuQ,7,73,73,0.0,0
MuQ,8,-1,-1,0.040943559259176254,1714
MuQ,8,0,0,0.14126338064670563,12
MuQ,8,0,48,0.4316130578517914,680
MuQ,8,0,56,0.743686854839325,22
MuQ,8,0,60,0.5649723410606384,268
MuQ,8,0,73,0.5877740979194641,86
MuQ,8,48,0,0.45553168654441833,676
MuQ,8,48,48,0.14642857015132904,4
MuQ,8,48,56,0.6755697727203369,18
MuQ,8,48,60,0.5544905066490173,264
MuQ,8,48,73,0.6343135833740234,82
MuQ,8,56,0,0.34275227785110474,16
MuQ,8,56,48,0.1393793374300003,16
MuQ,8,56,56,0.0,0
MuQ,8,56,60,0.2673994302749634,16
MuQ,8,56,73,0.49471157789230347,16
MuQ,8,60,0,0.40321531891822815,262
MuQ,8,60,48,0.3900066614151001,262
MuQ,8,60,56,0.7284226417541504,16
MuQ,8,60,60,0.0,0
MuQ,8,60,73,0.6781178712844849,80
MuQ,8,73,0,0.2734510600566864,80
MuQ,8,73,48,0.2445647269487381,80
MuQ,8,73,56,0.7124999761581421,16
MuQ,8,73,60,0.49638229608535767,80
MuQ,8,73,73,0.0,0
MuQ,9,-1,-1,0.04487099125981331,1714
MuQ,9,0,0,0.13095997273921967,12
MuQ,9,0,48,0.4175393581390381,680
MuQ,9,0,56,0.7075757384300232,22
MuQ,9,0,60,0.5359761714935303,268
MuQ,9,0,73,0.5718206167221069,86
MuQ,9,48,0,0.4442218244075775,676
MuQ,9,48,48,0.14821428060531616,4
MuQ,9,48,56,0.6663104891777039,18
MuQ,9,48,60,0.5526694059371948,264
MuQ,9,48,73,0.6166006326675415,82
MuQ,9,56,0,0.33973947167396545,16
MuQ,9,56,48,0.17701150476932526,16
MuQ,9,56,56,0.0,0
MuQ,9,56,60,0.2837134599685669,16
MuQ,9,56,73,0.5186690092086792,16
MuQ,9,60,0,0.3495400846004486,262
MuQ,9,60,48,0.3990074396133423,262
MuQ,9,60,56,0.7287660837173462,16
MuQ,9,60,60,0.0,0
MuQ,9,60,73,0.6604489088058472,80
MuQ,9,73,0,0.26899418234825134,80
MuQ,9,73,48,0.25254207849502563,80
MuQ,9,73,56,0.7110118865966797,16
MuQ,9,73,60,0.48811930418014526,80
MuQ,9,73,73,0.0,0
MuQ,10,-1,-1,0.06450828909873962,1714
MuQ,10,0,0,0.1610931158065796,12
MuQ,10,0,48,0.40692779421806335,680
MuQ,10,0,56,0.7196969985961914,22
MuQ,10,0,60,0.4890157878398895,268
MuQ,10,0,73,0.5974904894828796,86
MuQ,10,48,0,0.4059186279773712,676
MuQ,10,48,48,0.1450892835855484,4
MuQ,10,48,56,0.6983024477958679,18
MuQ,10,48,60,0.5472166538238525,264
MuQ,10,48,73,0.6166448593139648,82
MuQ,10,56,0,0.3211853802204132,16
MuQ,10,56,48,0.22572900354862213,16
MuQ,10,56,56,0.0,0
MuQ,10,56,60,0.25768715143203735,16
MuQ,10,56,73,0.5115178823471069,16
MuQ,10,60,0,0.29731485247612,262
MuQ,10,60,48,0.39252424240112305,262
MuQ,10,60,56,0.706845223903656,16
MuQ,10,60,60,0.0,0
MuQ,10,60,73,0.6521652340888977,80
MuQ,10,73,0,0.2421996146440506,80
MuQ,10,73,48,0.258306086063385,80
MuQ,10,73,56,0.7101934552192688,16
MuQ,10,73,60,0.5044800639152527,80
MuQ,10,73,73,0.0,0
MuQ,11,-1,-1,0.08664830774068832,1714
MuQ,11,0,0,0.1572079211473465,12
MuQ,11,0,48,0.4011926054954529,680
MuQ,11,0,56,0.7348485589027405,22
MuQ,11,0,60,0.47202903032302856,268
MuQ,11,0,73,0.6074614524841309,86
MuQ,11,48,0,0.38891151547431946,676
MuQ,11,48,48,0.13747087121009827,4
MuQ,11,48,56,0.7314814329147339,18
MuQ,11,48,60,0.549494206905365,264
MuQ,11,48,73,0.5837481617927551,82
MuQ,11,56,0,0.3447584807872772,16
MuQ,11,56,48,0.2766928970813751,16
MuQ,11,56,56,0.0,0
MuQ,11,56,60,0.347258061170578,16
MuQ,11,56,73,0.5128538608551025,16
MuQ,11,60,0,0.3099694550037384,262
MuQ,11,60,48,0.3915044665336609,262
MuQ,11,60,56,0.7729166150093079,16
MuQ,11,60,60,0.0,0
MuQ,11,60,73,0.6442400217056274,80
MuQ,11,73,0,0.2728967070579529,80
MuQ,11,73,48,0.26083046197891235,80
MuQ,11,73,56,0.7380208373069763,16
MuQ,11,73,60,0.4686688482761383,80
MuQ,11,73,73,0.0,0
MuQ,12,-1,-1,0.09120475500822067,1714
MuQ,12,0,0,0.12617234885692596,12
MuQ,12,0,48,0.34508827328681946,680
MuQ,12,0,56,0.7613636255264282,22
MuQ,12,0,60,0.37865856289863586,268
MuQ,12,0,73,0.5382304191589355,86
MuQ,12,48,0,0.36178353428840637,676
MuQ,12,48,48,0.12813180685043335,4
MuQ,12,48,56,0.6609346866607666,18
MuQ,12,48,60,0.5184626579284668,264
MuQ,12,48,73,0.5516386032104492,82
MuQ,12,56,0,0.22260825335979462,16
MuQ,12,56,48,0.20203596353530884,16
MuQ,12,56,56,0.0,0
MuQ,12,56,60,0.2978907823562622,16
MuQ,12,56,73,0.5012737512588501,16
MuQ,12,60,0,0.26832398772239685,262
MuQ,12,60,48,0.3727376163005829,262
MuQ,12,60,56,0.7339743375778198,16
MuQ,12,60,60,0.0,0
MuQ,12,60,73,0.6226956844329834,80
MuQ,12,73,0,0.2219495326280594,80
MuQ,12,73,48,0.24497565627098083,80
MuQ,12,73,56,0.7098958492279053,16
MuQ,12,73,60,0.4261438250541687,80
MuQ,12,73,73,0.0,0
OMARRQ-multifeature-25hz,0,-1,-1,0.021404361352324486,1714
OMARRQ-multifeature-25hz,0,0,0,0.09893567115068436,12
OMARRQ-multifeature-25hz,0,0,48,0.13619443774223328,680
OMARRQ-multifeature-25hz,0,0,56,0.47788602113723755,22
OMARRQ-multifeature-25hz,0,0,60,0.183681458234787,268
OMARRQ-multifeature-25hz,0,0,73,0.3612057566642761,86
OMARRQ-multifeature-25hz,0,48,0,0.21687667071819305,676
OMARRQ-multifeature-25hz,0,48,48,0.06836796551942825,4
OMARRQ-multifeature-25hz,0,48,56,0.6277101635932922,18
OMARRQ-multifeature-25hz,0,48,60,0.27640071511268616,264
OMARRQ-multifeature-25hz,0,48,73,0.4184474050998688,82
OMARRQ-multifeature-25hz,0,56,0,0.10165320336818695,16
OMARRQ-multifeature-25hz,0,56,48,0.04909012094140053,16
OMARRQ-multifeature-25hz,0,56,56,0.0,0
OMARRQ-multifeature-25hz,0,56,60,0.07936760783195496,16
OMARRQ-multifeature-25hz,0,56,73,0.31167158484458923,16
OMARRQ-multifeature-25hz,0,60,0,0.11920811235904694,262
OMARRQ-multifeature-25hz,0,60,48,0.1875983625650406,262
OMARRQ-multifeature-25hz,0,60,56,0.562347412109375,16
OMARRQ-multifeature-25hz,0,60,60,0.0,0
OMARRQ-multifeature-25hz,0,60,73,0.3973243832588196,80
OMARRQ-multifeature-25hz,0,73,0,0.09824991971254349,80
OMARRQ-multifeature-25hz,0,73,48,0.11868049204349518,80
OMARRQ-multifeature-25hz,0,73,56,0.4582201838493347,16
OMARRQ-multifeature-25hz,0,73,60,0.17028364539146423,80
OMARRQ-multifeature-25hz,0,73,73,0.0,0
OMARRQ-multifeature-25hz,1,-1,-1,0.035027604550123215,1714
OMARRQ-multifeature-25hz,1,0,0,0.10400176048278809,12
OMARRQ-multifeature-25hz,1,0,48,0.2425663024187088,680
OMARRQ-multifeature-25hz,1,0,56,0.5280303359031677,22
OMARRQ-multifeature-25hz,1,0,60,0.28569984436035156,268
OMARRQ-multifeature-25hz,1,0,73,0.43230366706848145,86
OMARRQ-multifeature-25hz,1,48,0,0.2907486855983734,676
OMARRQ-multifeature-25hz,1,48,48,0.06660714000463486,4
OMARRQ-multifeature-25hz,1,48,56,0.5916997194290161,18
OMARRQ-multifeature-25hz,1,48,60,0.37838178873062134,264
OMARRQ-multifeature-25hz,1,48,73,0.4723735451698303,82
OMARRQ-multifeature-25hz,1,56,0,0.10533378273248672,16
OMARRQ-multifeature-25hz,1,56,48,0.0406128391623497,16
OMARRQ-multifeature-25hz,1,56,56,0.0,0
OMARRQ-multifeature-25hz,1,56,60,0.11183685809373856,16
OMARRQ-multifeature-25hz,1,56,73,0.3233892619609833,16
OMARRQ-multifeature-25hz,1,60,0,0.15572337806224823,262
OMARRQ-multifeature-25hz,1,60,48,0.22299200296401978,262
OMARRQ-multifeature-25hz,1,60,56,0.6265895366668701,16
OMARRQ-multifeature-25hz,1,60,60,0.0,0
OMARRQ-multifeature-25hz,1,60,73,0.44406890869140625,80
OMARRQ-multifeature-25hz,1,73,0,0.11350934207439423,80
OMARRQ-multifeature-25hz,1,73,48,0.12804996967315674,80
OMARRQ-multifeature-25hz,1,73,56,0.5291008353233337,16
OMARRQ-multifeature-25hz,1,73,60,0.26206931471824646,80
OMARRQ-multifeature-25hz,1,73,73,0.0,0
OMARRQ-multifeature-25hz,2,-1,-1,0.026408204808831215,1714
OMARRQ-multifeature-25hz,2,0,0,0.1159122884273529,12
OMARRQ-multifeature-25hz,2,0,48,0.2577981650829315,680
OMARRQ-multifeature-25hz,2,0,56,0.5332251191139221,22
OMARRQ-multifeature-25hz,2,0,60,0.2869105339050293,268
OMARRQ-multifeature-25hz,2,0,73,0.44239845871925354,86
OMARRQ-multifeature-25hz,2,48,0,0.296903133392334,676
OMARRQ-multifeature-25hz,2,48,48,0.07064393907785416,4
OMARRQ-multifeature-25hz,2,48,56,0.5969907641410828,18
OMARRQ-multifeature-25hz,2,48,60,0.40688931941986084,264
OMARRQ-multifeature-25hz,2,48,73,0.4780925512313843,82
OMARRQ-multifeature-25hz,2,56,0,0.059777576476335526,16
OMARRQ-multifeature-25hz,2,56,48,0.03915121778845787,16
OMARRQ-multifeature-25hz,2,56,56,0.0,0
OMARRQ-multifeature-25hz,2,56,60,0.11273141950368881,16
OMARRQ-multifeature-25hz,2,56,73,0.2727028727531433,16
OMARRQ-multifeature-25hz,2,60,0,0.15061111748218536,262
OMARRQ-multifeature-25hz,2,60,48,0.23344013094902039,262
OMARRQ-multifeature-25hz,2,60,56,0.597683310508728,16
OMARRQ-multifeature-25hz,2,60,60,0.0,0
OMARRQ-multifeature-25hz,2,60,73,0.453409343957901,80
OMARRQ-multifeature-25hz,2,73,0,0.11985976994037628,80
OMARRQ-multifeature-25hz,2,73,48,0.12298867851495743,80
OMARRQ-multifeature-25hz,2,73,56,0.5727306604385376,16
OMARRQ-multifeature-25hz,2,73,60,0.29840001463890076,80
OMARRQ-multifeature-25hz,2,73,73,0.0,0
OMARRQ-multifeature-25hz,3,-1,-1,0.019141383469104767,1714
OMARRQ-multifeature-25hz,3,0,0,0.1137903556227684,12
OMARRQ-multifeature-25hz,3,0,48,0.23653900623321533,680
OMARRQ-multifeature-25hz,3,0,56,0.45140695571899414,22
OMARRQ-multifeature-25hz,3,0,60,0.2664828598499298,268
OMARRQ-multifeature-25hz,3,0,73,0.43480199575424194,86
OMARRQ-multifeature-25hz,3,48,0,0.27392053604125977,676
OMARRQ-multifeature-25hz,3,48,48,0.07113095372915268,4
OMARRQ-multifeature-25hz,3,48,56,0.6392747163772583,18
OMARRQ-multifeature-25hz,3,48,60,0.4172962009906769,264
OMARRQ-multifeature-25hz,3,48,73,0.4790082275867462,82
OMARRQ-multifeature-25hz,3,56,0,0.055287256836891174,16
OMARRQ-multifeature-25hz,3,56,48,0.04148105904459953,16
OMARRQ-multifeature-25hz,3,56,56,0.0,0
OMARRQ-multifeature-25hz,3,56,60,0.11560370773077011,16
OMARRQ-multifeature-25hz,3,56,73,0.37832772731781006,16
OMARRQ-multifeature-25hz,3,60,0,0.14134055376052856,262
OMARRQ-multifeature-25hz,3,60,48,0.23047657310962677,262
OMARRQ-multifeature-25hz,3,60,56,0.5991714000701904,16
OMARRQ-multifeature-25hz,3,60,60,0.0,0
OMARRQ-multifeature-25hz,3,60,73,0.4512685239315033,80
OMARRQ-multifeature-25hz,3,73,0,0.10907106101512909,80
OMARRQ-multifeature-25hz,3,73,48,0.12343533337116241,80
OMARRQ-multifeature-25hz,3,73,56,0.5778916478157043,16
OMARRQ-multifeature-25hz,3,73,60,0.3129945397377014,80
OMARRQ-multifeature-25hz,3,73,73,0.0,0
OMARRQ-multifeature-25hz,4,-1,-1,0.016319379210472107,1714
OMARRQ-multifeature-25hz,4,0,0,0.11301977187395096,12
OMARRQ-multifeature-25hz,4,0,48,0.20465482771396637,680
OMARRQ-multifeature-25hz,4,0,56,0.45634925365448,22
OMARRQ-multifeature-25hz,4,0,60,0.25220972299575806,268
OMARRQ-multifeature-25hz,4,0,73,0.3989955484867096,86
OMARRQ-multifeature-25hz,4,48,0,0.25430062413215637,676
OMARRQ-multifeature-25hz,4,48,48,0.07886562496423721,4
OMARRQ-multifeature-25hz,4,48,56,0.6406986117362976,18
OMARRQ-multifeature-25hz,4,48,60,0.42236801981925964,264
OMARRQ-multifeature-25hz,4,48,73,0.4904494881629944,82
OMARRQ-multifeature-25hz,4,56,0,0.06139514595270157,16
OMARRQ-multifeature-25hz,4,56,48,0.047014325857162476,16
OMARRQ-multifeature-25hz,4,56,56,0.0,0
OMARRQ-multifeature-25hz,4,56,60,0.11970676481723785,16
OMARRQ-multifeature-25hz,4,56,73,0.3711305558681488,16
OMARRQ-multifeature-25hz,4,60,0,0.1278604418039322,262
OMARRQ-multifeature-25hz,4,60,48,0.22532901167869568,262
OMARRQ-multifeature-25hz,4,60,56,0.5575047731399536,16
OMARRQ-multifeature-25hz,4,60,60,0.0,0
OMARRQ-multifeature-25hz,4,60,73,0.44745033979415894,80
OMARRQ-multifeature-25hz,4,73,0,0.11090139299631119,80
OMARRQ-multifeature-25hz,4,73,48,0.13040955364704132,80
OMARRQ-multifeature-25hz,4,73,56,0.5639035701751709,16
OMARRQ-multifeature-25hz,4,73,60,0.2999555468559265,80
OMARRQ-multifeature-25hz,4,73,73,0.0,0
OMARRQ-multifeature-25hz,5,-1,-1,0.017303893342614174,1714
OMARRQ-multifeature-25hz,5,0,0,0.12762044370174408,12
OMARRQ-multifeature-25hz,5,0,48,0.19410493969917297,680
OMARRQ-multifeature-25hz,5,0,56,0.436273455619812,22
OMARRQ-multifeature-25hz,5,0,60,0.2692093551158905,268
OMARRQ-multifeature-25hz,5,0,73,0.3910093605518341,86
OMARRQ-multifeature-25hz,5,48,0,0.2599380910396576,676
OMARRQ-multifeature-25hz,5,48,48,0.0809594988822937,4
OMARRQ-multifeature-25hz,5,48,56,0.6448302865028381,18
OMARRQ-multifeature-25hz,5,48,60,0.43159449100494385,264
OMARRQ-multifeature-25hz,5,48,73,0.5155474543571472,82
OMARRQ-multifeature-25hz,5,56,0,0.05286797881126404,16
OMARRQ-multifeature-25hz,5,56,48,0.04292085021734238,16
OMARRQ-multifeature-25hz,5,56,56,0.0,0
OMARRQ-multifeature-25hz,5,56,60,0.11963764578104019,16
OMARRQ-multifeature-25hz,5,56,73,0.34939736127853394,16
OMARRQ-multifeature-25hz,5,60,0,0.15236690640449524,262
OMARRQ-multifeature-25hz,5,60,48,0.25073158740997314,262
OMARRQ-multifeature-25hz,5,60,56,0.5679214000701904,16
OMARRQ-multifeature-25hz,5,60,60,0.0,0
OMARRQ-multifeature-25hz,5,60,73,0.47921866178512573,80
OMARRQ-multifeature-25hz,5,73,0,0.13029435276985168,80
OMARRQ-multifeature-25hz,5,73,48,0.1428261399269104,80
OMARRQ-multifeature-25hz,5,73,56,0.5633556246757507,16
OMARRQ-multifeature-25hz,5,73,60,0.2933667004108429,80
OMARRQ-multifeature-25hz,5,73,73,0.0,0
OMARRQ-multifeature-25hz,6,-1,-1,0.015578115358948708,1714
OMARRQ-multifeature-25hz,6,0,0,0.1370564103126526,12
OMARRQ-multifeature-25hz,6,0,48,0.18233229219913483,680
OMARRQ-multifeature-25hz,6,0,56,0.38425323367118835,22
OMARRQ-multifeature-25hz,6,0,60,0.2602972388267517,268
OMARRQ-multifeature-25hz,6,0,73,0.3933922052383423,86
OMARRQ-multifeature-25hz,6,48,0,0.26216912269592285,676
OMARRQ-multifeature-25hz,6,48,48,0.07068903744220734,4
OMARRQ-multifeature-25hz,6,48,56,0.6430555582046509,18
OMARRQ-multifeature-25hz,6,48,60,0.43394792079925537,264
OMARRQ-multifeature-25hz,6,48,73,0.5286451578140259,82
OMARRQ-multifeature-25hz,6,56,0,0.05591752752661705,16
OMARRQ-multifeature-25hz,6,56,48,0.037403278052806854,16
OMARRQ-multifeature-25hz,6,56,56,0.0,0
OMARRQ-multifeature-25hz,6,56,60,0.1216103658080101,16
OMARRQ-multifeature-25hz,6,56,73,0.35113656520843506,16
OMARRQ-multifeature-25hz,6,60,0,0.16939637064933777,262
OMARRQ-multifeature-25hz,6,60,48,0.2513183653354645,262
OMARRQ-multifeature-25hz,6,60,56,0.5700047612190247,16
OMARRQ-multifeature-25hz,6,60,60,0.0,0
OMARRQ-multifeature-25hz,6,60,73,0.4872918128967285,80
OMARRQ-multifeature-25hz,6,73,0,0.1274399757385254,80
OMARRQ-multifeature-25hz,6,73,48,0.1392177939414978,80
OMARRQ-multifeature-25hz,6,73,56,0.580791175365448,16
OMARRQ-multifeature-25hz,6,73,60,0.31294241547584534,80
OMARRQ-multifeature-25hz,6,73,73,0.0,0
OMARRQ-multifeature-25hz,7,-1,-1,0.01609823852777481,1714
OMARRQ-multifeature-25hz,7,0,0,0.13589397072792053,12
OMARRQ-multifeature-25hz,7,0,48,0.21147187054157257,680
OMARRQ-multifeature-25hz,7,0,56,0.5315476059913635,22
OMARRQ-multifeature-25hz,7,0,60,0.3201920986175537,268
OMARRQ-multifeature-25hz,7,0,73,0.46049273014068604,86
OMARRQ-multifeature-25hz,7,48,0,0.29682329297065735,676
OMARRQ-multifeature-25hz,7,48,48,0.0935661792755127,4
OMARRQ-multifeature-25hz,7,48,56,0.6091269254684448,18
OMARRQ-multifeature-25hz,7,48,60,0.46877914667129517,264
OMARRQ-multifeature-25hz,7,48,73,0.5303588509559631,82
OMARRQ-multifeature-25hz,7,56,0,0.11505042761564255,16
OMARRQ-multifeature-25hz,7,56,48,0.06726119667291641,16
OMARRQ-multifeature-25hz,7,56,56,0.0,0
OMARRQ-multifeature-25hz,7,56,60,0.13871687650680542,16
OMARRQ-multifeature-25hz,7,56,73,0.3372610807418823,16
OMARRQ-multifeature-25hz,7,60,0,0.2228602021932602,262
OMARRQ-multifeature-25hz,7,60,48,0.28235530853271484,262
OMARRQ-multifeature-25hz,7,60,56,0.6336309909820557,16
OMARRQ-multifeature-25hz,7,60,60,0.0,0
OMARRQ-multifeature-25hz,7,60,73,0.5281165242195129,80
OMARRQ-multifeature-25hz,7,73,0,0.1614590436220169,80
OMARRQ-multifeature-25hz,7,73,48,0.1667076051235199,80
OMARRQ-multifeature-25hz,7,73,56,0.5990327000617981,16
OMARRQ-multifeature-25hz,7,73,60,0.32687947154045105,80
OMARRQ-multifeature-25hz,7,73,73,0.0,0
OMARRQ-multifeature-25hz,8,-1,-1,0.015967441722750664,1714
OMARRQ-multifeature-25hz,8,0,0,0.14299838244915009,12
OMARRQ-multifeature-25hz,8,0,48,0.20118901133537292,680
OMARRQ-multifeature-25hz,8,0,56,0.5603010654449463,22
OMARRQ-multifeature-25hz,8,0,60,0.31774309277534485,268
OMARRQ-multifeature-25hz,8,0,73,0.4691188633441925,86
OMARRQ-multifeature-25hz,8,48,0,0.3135587275028229,676
OMARRQ-multifeature-25hz,8,48,48,0.06487022340297699,4
OMARRQ-multifeature-25hz,8,48,56,0.6443122029304504,18
OMARRQ-multifeature-25hz,8,48,60,0.46531713008880615,264
OMARRQ-multifeature-25hz,8,48,73,0.5139793157577515,82
OMARRQ-multifeature-25hz,8,56,0,0.14567947387695312,16
OMARRQ-multifeature-25hz,8,56,48,0.08592637628316879,16
OMARRQ-multifeature-25hz,8,56,56,0.0,0
OMARRQ-multifeature-25hz,8,56,60,0.13717316091060638,16
OMARRQ-multifeature-25hz,8,56,73,0.36036252975463867,16
OMARRQ-multifeature-25hz,8,60,0,0.2526164948940277,262
OMARRQ-multifeature-25hz,8,60,48,0.2859688699245453,262
OMARRQ-multifeature-25hz,8,60,56,0.6336309909820557,16
OMARRQ-multifeature-25hz,8,60,60,0.0,0
OMARRQ-multifeature-25hz,8,60,73,0.5219141244888306,80
OMARRQ-multifeature-25hz,8,73,0,0.17039795219898224,80
OMARRQ-multifeature-25hz,8,73,48,0.1615862399339676,80
OMARRQ-multifeature-25hz,8,73,56,0.6001487970352173,16
OMARRQ-multifeature-25hz,8,73,60,0.3445560336112976,80
OMARRQ-multifeature-25hz,8,73,73,0.0,0
OMARRQ-multifeature-25hz,9,-1,-1,0.017675016075372696,1714
OMARRQ-multifeature-25hz,9,0,0,0.14067523181438446,12
OMARRQ-multifeature-25hz,9,0,48,0.20630598068237305,680
OMARRQ-multifeature-25hz,9,0,56,0.5610390305519104,22
OMARRQ-multifeature-25hz,9,0,60,0.3370431065559387,268
OMARRQ-multifeature-25hz,9,0,73,0.46704694628715515,86
OMARRQ-multifeature-25hz,9,48,0,0.3209674656391144,676
OMARRQ-multifeature-25hz,9,48,48,0.06726394593715668,4
OMARRQ-multifeature-25hz,9,48,56,0.6304232478141785,18
OMARRQ-multifeature-25hz,9,48,60,0.4729706645011902,264
OMARRQ-multifeature-25hz,9,48,73,0.5236890316009521,82
OMARRQ-multifeature-25hz,9,56,0,0.13906681537628174,16
OMARRQ-multifeature-25hz,9,56,48,0.050569865852594376,16
OMARRQ-multifeature-25hz,9,56,56,0.0,0
OMARRQ-multifeature-25hz,9,56,60,0.1237310841679573,16
OMARRQ-multifeature-25hz,9,56,73,0.39938414096832275,16
OMARRQ-multifeature-25hz,9,60,0,0.2584133744239807,262
OMARRQ-multifeature-25hz,9,60,48,0.2968326508998871,262
OMARRQ-multifeature-25hz,9,60,56,0.634325385093689,16
OMARRQ-multifeature-25hz,9,60,60,0.0,0
OMARRQ-multifeature-25hz,9,60,73,0.5468168258666992,80
OMARRQ-multifeature-25hz,9,73,0,0.15991953015327454,80
OMARRQ-multifeature-25hz,9,73,48,0.16852037608623505,80
OMARRQ-multifeature-25hz,9,73,56,0.6453868746757507,16
OMARRQ-multifeature-25hz,9,73,60,0.353424608707428,80
OMARRQ-multifeature-25hz,9,73,73,0.0,0
OMARRQ-multifeature-25hz,10,-1,-1,0.023713435977697372,1714
OMARRQ-multifeature-25hz,10,0,0,0.14521776139736176,12
OMARRQ-multifeature-25hz,10,0,48,0.24703660607337952,680
OMARRQ-multifeature-25hz,10,0,56,0.585606038570404,22
OMARRQ-multifeature-25hz,10,0,60,0.4053821563720703,268
OMARRQ-multifeature-25hz,10,0,73,0.526559054851532,86
OMARRQ-multifeature-25hz,10,48,0,0.36559194326400757,676
OMARRQ-multifeature-25hz,10,48,48,0.09060530364513397,4
OMARRQ-multifeature-25hz,10,48,56,0.6876068711280823,18
OMARRQ-multifeature-25hz,10,48,60,0.49616536498069763,264
OMARRQ-multifeature-25hz,10,48,73,0.5488163232803345,82
OMARRQ-multifeature-25hz,10,56,0,0.2044028341770172,16
OMARRQ-multifeature-25hz,10,56,48,0.07231781631708145,16
OMARRQ-multifeature-25hz,10,56,56,0.0,0
OMARRQ-multifeature-25hz,10,56,60,0.1548612415790558,16
OMARRQ-multifeature-25hz,10,56,73,0.42470237612724304,16
OMARRQ-multifeature-25hz,10,60,0,0.29229825735092163,262
OMARRQ-multifeature-25hz,10,60,48,0.3242320418357849,262
OMARRQ-multifeature-25hz,10,60,56,0.6695684194564819,16
OMARRQ-multifeature-25hz,10,60,60,0.0,0
OMARRQ-multifeature-25hz,10,60,73,0.5612791776657104,80
OMARRQ-multifeature-25hz,10,73,0,0.17412295937538147,80
OMARRQ-multifeature-25hz,10,73,48,0.181068554520607,80
OMARRQ-multifeature-25hz,10,73,56,0.7005952000617981,16
OMARRQ-multifeature-25hz,10,73,60,0.36883845925331116,80
OMARRQ-multifeature-25hz,10,73,73,0.0,0
OMARRQ-multifeature-25hz,11,-1,-1,0.033934589475393295,1714
OMARRQ-multifeature-25hz,11,0,0,0.15146534144878387,12
OMARRQ-multifeature-25hz,11,0,48,0.2975419759750366,680
OMARRQ-multifeature-25hz,11,0,56,0.634469747543335,22
OMARRQ-multifeature-25hz,11,0,60,0.46673262119293213,268
OMARRQ-multifeature-25hz,11,0,73,0.561637818813324,86
OMARRQ-multifeature-25hz,11,48,0,0.4004628658294678,676
OMARRQ-multifeature-25hz,11,48,48,0.09870129823684692,4
OMARRQ-multifeature-25hz,11,48,56,0.723172128200531,18
OMARRQ-multifeature-25hz,11,48,60,0.52299565076828,264
OMARRQ-multifeature-25hz,11,48,73,0.5971028804779053,82
OMARRQ-multifeature-25hz,11,56,0,0.27520376443862915,16
OMARRQ-multifeature-25hz,11,56,48,0.10100042819976807,16
OMARRQ-multifeature-25hz,11,56,56,0.0,0
OMARRQ-multifeature-25hz,11,56,60,0.1929118037223816,16
OMARRQ-multifeature-25hz,11,56,73,0.4609885811805725,16
OMARRQ-multifeature-25hz,11,60,0,0.34202075004577637,262
OMARRQ-multifeature-25hz,11,60,48,0.3396923542022705,262
OMARRQ-multifeature-25hz,11,60,56,0.6815476417541504,16
OMARRQ-multifeature-25hz,11,60,60,0.0,0
OMARRQ-multifeature-25hz,11,60,73,0.5975205898284912,80
OMARRQ-multifeature-25hz,11,73,0,0.2223406732082367,80
OMARRQ-multifeature-25hz,11,73,48,0.22043254971504211,80
OMARRQ-multifeature-25hz,11,73,56,0.7437499761581421,16
OMARRQ-multifeature-25hz,11,73,60,0.41158127784729004,80
OMARRQ-multifeature-25hz,11,73,73,0.0,0
OMARRQ-multifeature-25hz,12,-1,-1,0.038033269345760345,1714
OMARRQ-multifeature-25hz,12,0,0,0.15735366940498352,12
OMARRQ-multifeature-25hz,12,0,48,0.30099037289619446,680
OMARRQ-multifeature-25hz,12,0,56,0.6246212124824524,22
OMARRQ-multifeature-25hz,12,0,60,0.479785293340683,268
OMARRQ-multifeature-25hz,12,0,73,0.5775870680809021,86
OMARRQ-multifeature-25hz,12,48,0,0.4109377861022949,676
OMARRQ-multifeature-25hz,12,48,48,0.11472851037979126,4
OMARRQ-multifeature-25hz,12,48,56,0.7259499430656433,18
OMARRQ-multifeature-25hz,12,48,60,0.5264871120452881,264
OMARRQ-multifeature-25hz,12,48,73,0.6002954244613647,82
OMARRQ-multifeature-25hz,12,56,0,0.2814590036869049,16
OMARRQ-multifeature-25hz,12,56,48,0.0932474434375763,16
OMARRQ-multifeature-25hz,12,56,56,0.0,0
OMARRQ-multifeature-25hz,12,56,60,0.19427232444286346,16
OMARRQ-multifeature-25hz,12,56,73,0.43482592701911926,16
OMARRQ-multifeature-25hz,12,60,0,0.35177817940711975,262
OMARRQ-multifeature-25hz,12,60,48,0.3477838933467865,262
OMARRQ-multifeature-25hz,12,60,56,0.6424851417541504,16
OMARRQ-multifeature-25hz,12,60,60,0.0,0
OMARRQ-multifeature-25hz,12,60,73,0.5971410274505615,80
OMARRQ-multifeature-25hz,12,73,0,0.22552981972694397,80
OMARRQ-multifeature-25hz,12,73,48,0.2397289276123047,80
OMARRQ-multifeature-25hz,12,73,56,0.7145833373069763,16
OMARRQ-multifeature-25hz,12,73,60,0.42712050676345825,80
OMARRQ-multifeature-25hz,12,73,73,0.0,0
OMARRQ-multifeature-25hz,13,-1,-1,0.03257836401462555,1714
OMARRQ-multifeature-25hz,13,0,0,0.15189902484416962,12
OMARRQ-multifeature-25hz,13,0,48,0.28617316484451294,680
OMARRQ-multifeature-25hz,13,0,56,0.590530276298523,22
OMARRQ-multifeature-25hz,13,0,60,0.4560717046260834,268
OMARRQ-multifeature-25hz,13,0,73,0.5478593111038208,86
OMARRQ-multifeature-25hz,13,48,0,0.3940276503562927,676
OMARRQ-multifeature-25hz,13,48,48,0.11025433242321014,4
OMARRQ-multifeature-25hz,13,48,56,0.6925925612449646,18
OMARRQ-multifeature-25hz,13,48,60,0.5123798251152039,264
OMARRQ-multifeature-25hz,13,48,73,0.5844780206680298,82
OMARRQ-multifeature-25hz,13,56,0,0.25803342461586,16
OMARRQ-multifeature-25hz,13,56,48,0.09461681544780731,16
OMARRQ-multifeature-25hz,13,56,56,0.0,0
OMARRQ-multifeature-25hz,13,56,60,0.18177267909049988,16
OMARRQ-multifeature-25hz,13,56,73,0.40031149983406067,16
OMARRQ-multifeature-25hz,13,60,0,0.3252747654914856,262
OMARRQ-multifeature-25hz,13,60,48,0.3301485776901245,262
OMARRQ-multifeature-25hz,13,60,56,0.6401289701461792,16
OMARRQ-multifeature-25hz,13,60,60,0.0,0
OMARRQ-multifeature-25hz,13,60,73,0.573323130607605,80
OMARRQ-multifeature-25hz,13,73,0,0.2104872763156891,80
OMARRQ-multifeature-25hz,13,73,48,0.2208412140607834,80
OMARRQ-multifeature-25hz,13,73,56,0.7110118865966797,16
OMARRQ-multifeature-25hz,13,73,60,0.3946746289730072,80
OMARRQ-multifeature-25hz,13,73,73,0.0,0
OMARRQ-multifeature-25hz,14,-1,-1,0.04456990957260132,1714
OMARRQ-multifeature-25hz,14,0,0,0.15765948593616486,12
OMARRQ-multifeature-25hz,14,0,48,0.3363330066204071,680
OMARRQ-multifeature-25hz,14,0,56,0.6553030610084534,22
OMARRQ-multifeature-25hz,14,0,60,0.5223048329353333,268
OMARRQ-multifeature-25hz,14,0,73,0.6227326393127441,86
OMARRQ-multifeature-25hz,14,48,0,0.4328145980834961,676
OMARRQ-multifeature-25hz,14,48,48,0.1130952388048172,4
OMARRQ-multifeature-25hz,14,48,56,0.7018097043037415,18
OMARRQ-multifeature-25hz,14,48,60,0.5434691905975342,264
OMARRQ-multifeature-25hz,14,48,73,0.6065056324005127,82
OMARRQ-multifeature-25hz,14,56,0,0.34353333711624146,16
OMARRQ-multifeature-25hz,14,56,48,0.13385577499866486,16
OMARRQ-multifeature-25hz,14,56,56,0.0,0
OMARRQ-multifeature-25hz,14,56,60,0.200605109333992,16
OMARRQ-multifeature-25hz,14,56,73,0.44313445687294006,16
OMARRQ-multifeature-25hz,14,60,0,0.36374586820602417,262
OMARRQ-multifeature-25hz,14,60,48,0.3501824736595154,262
OMARRQ-multifeature-25hz,14,60,56,0.6627975702285767,16
OMARRQ-multifeature-25hz,14,60,60,0.0,0
OMARRQ-multifeature-25hz,14,60,73,0.6248989701271057,80
OMARRQ-multifeature-25hz,14,73,0,0.24399280548095703,80
OMARRQ-multifeature-25hz,14,73,48,0.24356278777122498,80
OMARRQ-multifeature-25hz,14,73,56,0.7458332777023315,16
OMARRQ-multifeature-25hz,14,73,60,0.42670464515686035,80
OMARRQ-multifeature-25hz,14,73,73,0.0,0
OMARRQ-multifeature-25hz,15,-1,-1,0.0472884401679039,1714
OMARRQ-multifeature-25hz,15,0,0,0.1550222635269165,12
OMARRQ-multifeature-25hz,15,0,48,0.3558305501937866,680
OMARRQ-multifeature-25hz,15,0,56,0.6818181872367859,22
OMARRQ-multifeature-25hz,15,0,60,0.525650680065155,268
OMARRQ-multifeature-25hz,15,0,73,0.608274519443512,86
OMARRQ-multifeature-25hz,15,48,0,0.43335261940956116,676
OMARRQ-multifeature-25hz,15,48,48,0.1130952388048172,4
OMARRQ-multifeature-25hz,15,48,56,0.7018097043037415,18
OMARRQ-multifeature-25hz,15,48,60,0.5491976737976074,264
OMARRQ-multifeature-25hz,15,48,73,0.6107649207115173,82
OMARRQ-multifeature-25hz,15,56,0,0.34429219365119934,16
OMARRQ-multifeature-25hz,15,56,48,0.12407604604959488,16
OMARRQ-multifeature-25hz,15,56,56,0.0,0
OMARRQ-multifeature-25hz,15,56,60,0.20289000868797302,16
OMARRQ-multifeature-25hz,15,56,73,0.4567057192325592,16
OMARRQ-multifeature-25hz,15,60,0,0.3634747266769409,262
OMARRQ-multifeature-25hz,15,60,48,0.35335931181907654,262
OMARRQ-multifeature-25hz,15,60,56,0.6961309313774109,16
OMARRQ-multifeature-25hz,15,60,60,0.0,0
OMARRQ-multifeature-25hz,15,60,73,0.6287534236907959,80
OMARRQ-multifeature-25hz,15,73,0,0.2646416425704956,80
OMARRQ-multifeature-25hz,15,73,48,0.24515581130981445,80
OMARRQ-multifeature-25hz,15,73,56,0.7458332777023315,16
OMARRQ-multifeature-25hz,15,73,60,0.4372091293334961,80
OMARRQ-multifeature-25hz,15,73,73,0.0,0
OMARRQ-multifeature-25hz,16,-1,-1,0.038967546075582504,1714
OMARRQ-multifeature-25hz,16,0,0,0.15215547382831573,12
OMARRQ-multifeature-25hz,16,0,48,0.32780686020851135,680
OMARRQ-multifeature-25hz,16,0,56,0.6344696879386902,22
OMARRQ-multifeature-25hz,16,0,60,0.5065138936042786,268
OMARRQ-multifeature-25hz,16,0,73,0.5781101584434509,86
OMARRQ-multifeature-25hz,16,48,0,0.4108926057815552,676
OMARRQ-multifeature-25hz,16,48,48,0.10238095372915268,4
OMARRQ-multifeature-25hz,16,48,56,0.6972222328186035,18
OMARRQ-multifeature-25hz,16,48,60,0.5325881242752075,264
OMARRQ-multifeature-25hz,16,48,73,0.595672607421875,82
OMARRQ-multifeature-25hz,16,56,0,0.33502671122550964,16
OMARRQ-multifeature-25hz,16,56,48,0.12827108800411224,16
OMARRQ-multifeature-25hz,16,56,56,0.0,0
OMARRQ-multifeature-25hz,16,56,60,0.181249737739563,16
OMARRQ-multifeature-25hz,16,56,73,0.41634494066238403,16
OMARRQ-multifeature-25hz,16,60,0,0.3380202054977417,262
OMARRQ-multifeature-25hz,16,60,48,0.3482159376144409,262
OMARRQ-multifeature-25hz,16,60,56,0.6785714626312256,16
OMARRQ-multifeature-25hz,16,60,60,0.0,0
OMARRQ-multifeature-25hz,16,60,73,0.6006861925125122,80
OMARRQ-multifeature-25hz,16,73,0,0.23110434412956238,80
OMARRQ-multifeature-25hz,16,73,48,0.21199862658977509,80
OMARRQ-multifeature-25hz,16,73,56,0.7127975821495056,16
OMARRQ-multifeature-25hz,16,73,60,0.4049223065376282,80
OMARRQ-multifeature-25hz,16,73,73,0.0,0
OMARRQ-multifeature-25hz,17,-1,-1,0.0323525108397007,1714
OMARRQ-multifeature-25hz,17,0,0,0.14291229844093323,12
OMARRQ-multifeature-25hz,17,0,48,0.2947048544883728,680
OMARRQ-multifeature-25hz,17,0,56,0.6216449737548828,22
OMARRQ-multifeature-25hz,17,0,60,0.46821001172065735,268
OMARRQ-multifeature-25hz,17,0,73,0.5594873428344727,86
OMARRQ-multifeature-25hz,17,48,0,0.3912961483001709,676
OMARRQ-multifeature-25hz,17,48,48,0.10476191341876984,4
OMARRQ-multifeature-25hz,17,48,56,0.6913579702377319,18
OMARRQ-multifeature-25hz,17,48,60,0.5241878032684326,264
OMARRQ-multifeature-25hz,17,48,73,0.5880501866340637,82
OMARRQ-multifeature-25hz,17,56,0,0.2835330665111542,16
OMARRQ-multifeature-25hz,17,56,48,0.08994194120168686,16
OMARRQ-multifeature-25hz,17,56,56,0.0,0
OMARRQ-multifeature-25hz,17,56,60,0.15866553783416748,16
OMARRQ-multifeature-25hz,17,56,73,0.4042709171772003,16
OMARRQ-multifeature-25hz,17,60,0,0.30554088950157166,262
OMARRQ-multifeature-25hz,17,60,48,0.3315996825695038,262
OMARRQ-multifeature-25hz,17,60,56,0.6540178060531616,16
OMARRQ-multifeature-25hz,17,60,60,0.0,0
OMARRQ-multifeature-25hz,17,60,73,0.5977570414543152,80
OMARRQ-multifeature-25hz,17,73,0,0.20372220873832703,80
OMARRQ-multifeature-25hz,17,73,48,0.21241608262062073,80
OMARRQ-multifeature-25hz,17,73,56,0.7422618865966797,16
OMARRQ-multifeature-25hz,17,73,60,0.4128786027431488,80
OMARRQ-multifeature-25hz,17,73,73,0.0,0
OMARRQ-multifeature-25hz,18,-1,-1,0.02940194681286812,1714
OMARRQ-multifeature-25hz,18,0,0,0.1485946625471115,12
OMARRQ-multifeature-25hz,18,0,48,0.27943509817123413,680
OMARRQ-multifeature-25hz,18,0,56,0.6162879467010498,22
OMARRQ-multifeature-25hz,18,0,60,0.4545222222805023,268
OMARRQ-multifeature-25hz,18,0,73,0.5543890595436096,86
OMARRQ-multifeature-25hz,18,48,0,0.37527647614479065,676
OMARRQ-multifeature-25hz,18,48,48,0.100584976375103,4
OMARRQ-multifeature-25hz,18,48,56,0.6977512836456299,18
OMARRQ-multifeature-25hz,18,48,60,0.517289400100708,264
OMARRQ-multifeature-25hz,18,48,73,0.5830343961715698,82
OMARRQ-multifeature-25hz,18,56,0,0.2788969576358795,16
OMARRQ-multifeature-25hz,18,56,48,0.07821103185415268,16
OMARRQ-multifeature-25hz,18,56,56,0.0,0
OMARRQ-multifeature-25hz,18,56,60,0.1543690264225006,16
OMARRQ-multifeature-25hz,18,56,73,0.39536359906196594,16
OMARRQ-multifeature-25hz,18,60,0,0.31159713864326477,262
OMARRQ-multifeature-25hz,18,60,48,0.323944628238678,262
OMARRQ-multifeature-25hz,18,60,56,0.6401289701461792,16
OMARRQ-multifeature-25hz,18,60,60,0.0,0
OMARRQ-multifeature-25hz,18,60,73,0.588864803314209,80
OMARRQ-multifeature-25hz,18,73,0,0.19641593098640442,80
OMARRQ-multifeature-25hz,18,73,48,0.20700109004974365,80
OMARRQ-multifeature-25hz,18,73,56,0.7110118865966797,16
OMARRQ-multifeature-25hz,18,73,60,0.39080116152763367,80
OMARRQ-multifeature-25hz,18,73,73,0.0,0
OMARRQ-multifeature-25hz,19,-1,-1,0.028983384370803833,1714
OMARRQ-multifeature-25hz,19,0,0,0.14836861193180084,12
OMARRQ-multifeature-25hz,19,0,48,0.27946048974990845,680
OMARRQ-multifeature-25hz,19,0,56,0.6242424249649048,22
OMARRQ-multifeature-25hz,19,0,60,0.4268287122249603,268
OMARRQ-multifeature-25hz,19,0,73,0.5846670269966125,86
OMARRQ-multifeature-25hz,19,48,0,0.3777909576892853,676
OMARRQ-multifeature-25hz,19,48,48,0.11576354503631592,4
OMARRQ-multifeature-25hz,19,48,56,0.700925886631012,18
OMARRQ-multifeature-25hz,19,48,60,0.5271360278129578,264
OMARRQ-multifeature-25hz,19,48,73,0.5725705623626709,82
OMARRQ-multifeature-25hz,19,56,0,0.21425054967403412,16
OMARRQ-multifeature-25hz,19,56,48,0.07006244361400604,16
OMARRQ-multifeature-25hz,19,56,56,0.0,0
OMARRQ-multifeature-25hz,19,56,60,0.1528431624174118,16
OMARRQ-multifeature-25hz,19,56,73,0.39942383766174316,16
OMARRQ-multifeature-25hz,19,60,0,0.3035601079463959,262
OMARRQ-multifeature-25hz,19,60,48,0.3284126818180084,262
OMARRQ-multifeature-25hz,19,60,56,0.6346725821495056,16
OMARRQ-multifeature-25hz,19,60,60,0.0,0
OMARRQ-multifeature-25hz,19,60,73,0.5862520933151245,80
OMARRQ-multifeature-25hz,19,73,0,0.19227762520313263,80
OMARRQ-multifeature-25hz,19,73,48,0.2065599411725998,80
OMARRQ-multifeature-25hz,19,73,56,0.7124999761581421,16
OMARRQ-multifeature-25hz,19,73,60,0.40845489501953125,80
OMARRQ-multifeature-25hz,19,73,73,0.0,0
OMARRQ-multifeature-25hz,20,-1,-1,0.03287481516599655,1714
OMARRQ-multifeature-25hz,20,0,0,0.16190476715564728,12
OMARRQ-multifeature-25hz,20,0,48,0.3118232488632202,680
OMARRQ-multifeature-25hz,20,0,56,0.6219696402549744,22
OMARRQ-multifeature-25hz,20,0,60,0.4143369793891907,268
OMARRQ-multifeature-25hz,20,0,73,0.607312798500061,86
OMARRQ-multifeature-25hz,20,48,0,0.39197513461112976,676
OMARRQ-multifeature-25hz,20,48,48,0.12904761731624603,4
OMARRQ-multifeature-25hz,20,48,56,0.7337541580200195,18
OMARRQ-multifeature-25hz,20,48,60,0.538244366645813,264
OMARRQ-multifeature-25hz,20,48,73,0.5919198989868164,82
OMARRQ-multifeature-25hz,20,56,0,0.2292839139699936,16
OMARRQ-multifeature-25hz,20,56,48,0.09032949060201645,16
OMARRQ-multifeature-25hz,20,56,56,0.0,0
OMARRQ-multifeature-25hz,20,56,60,0.16254736483097076,16
OMARRQ-multifeature-25hz,20,56,73,0.4126867353916168,16
OMARRQ-multifeature-25hz,20,60,0,0.30544382333755493,262
OMARRQ-multifeature-25hz,20,60,48,0.3326649069786072,262
OMARRQ-multifeature-25hz,20,60,56,0.6127976179122925,16
OMARRQ-multifeature-25hz,20,60,60,0.0,0
OMARRQ-multifeature-25hz,20,60,73,0.6138405799865723,80
OMARRQ-multifeature-25hz,20,73,0,0.21583786606788635,80
OMARRQ-multifeature-25hz,20,73,48,0.21127645671367645,80
OMARRQ-multifeature-25hz,20,73,56,0.6947916150093079,16
OMARRQ-multifeature-25hz,20,73,60,0.43150943517684937,80
OMARRQ-multifeature-25hz,20,73,73,0.0,0
OMARRQ-multifeature-25hz,21,-1,-1,0.029903540387749672,1714
OMARRQ-multifeature-25hz,21,0,0,0.13492637872695923,12
OMARRQ-multifeature-25hz,21,0,48,0.2984880805015564,680
OMARRQ-multifeature-25hz,21,0,56,0.5981602072715759,22
OMARRQ-multifeature-25hz,21,0,60,0.41224274039268494,268
OMARRQ-multifeature-25hz,21,0,73,0.5557313561439514,86
OMARRQ-multifeature-25hz,21,48,0,0.35337287187576294,676
OMARRQ-multifeature-25hz,21,48,48,0.10627879947423935,4
OMARRQ-multifeature-25hz,21,48,56,0.7238757014274597,18
OMARRQ-multifeature-25hz,21,48,60,0.490215003490448,264
OMARRQ-multifeature-25hz,21,48,73,0.5614900588989258,82
OMARRQ-multifeature-25hz,21,56,0,0.10276470333337784,16
OMARRQ-multifeature-25hz,21,56,48,0.06402382254600525,16
OMARRQ-multifeature-25hz,21,56,56,0.0,0
OMARRQ-multifeature-25hz,21,56,60,0.14436732232570648,16
OMARRQ-multifeature-25hz,21,56,73,0.42702800035476685,16
OMARRQ-multifeature-25hz,21,60,0,0.22737494111061096,262
OMARRQ-multifeature-25hz,21,60,48,0.3098970651626587,262
OMARRQ-multifeature-25hz,21,60,56,0.6075521111488342,16
OMARRQ-multifeature-25hz,21,60,60,0.0,0
OMARRQ-multifeature-25hz,21,60,73,0.5702754259109497,80
OMARRQ-multifeature-25hz,21,73,0,0.18381306529045105,80
OMARRQ-multifeature-25hz,21,73,48,0.1835814267396927,80
OMARRQ-multifeature-25hz,21,73,56,0.617001473903656,16
OMARRQ-multifeature-25hz,21,73,60,0.35801905393600464,80
OMARRQ-multifeature-25hz,21,73,73,0.0,0
OMARRQ-multifeature-25hz,22,-1,-1,0.020422980189323425,1714
OMARRQ-multifeature-25hz,22,0,0,0.11337196081876755,12
OMARRQ-multifeature-25hz,22,0,48,0.22778812050819397,680
OMARRQ-multifeature-25hz,22,0,56,0.4862193167209625,22
OMARRQ-multifeature-25hz,22,0,60,0.34378644824028015,268
OMARRQ-multifeature-25hz,22,0,73,0.5046496391296387,86
OMARRQ-multifeature-25hz,22,48,0,0.279987096786499,676
OMARRQ-multifeature-25hz,22,48,48,0.08268849551677704,4
OMARRQ-multifeature-25hz,22,48,56,0.5814393162727356,18
OMARRQ-multifeature-25hz,22,48,60,0.43098965287208557,264
OMARRQ-multifeature-25hz,22,48,73,0.5261402726173401,82
OMARRQ-multifeature-25hz,22,56,0,0.11304929107427597,16
OMARRQ-multifeature-25hz,22,56,48,0.05641787499189377,16
OMARRQ-multifeature-25hz,22,56,56,0.0,0
OMARRQ-multifeature-25hz,22,56,60,0.13909874856472015,16
OMARRQ-multifeature-25hz,22,56,73,0.4076215326786041,16
OMARRQ-multifeature-25hz,22,60,0,0.200388103723526,262
OMARRQ-multifeature-25hz,22,60,48,0.2691790759563446,262
OMARRQ-multifeature-25hz,22,60,56,0.5882812738418579,16
OMARRQ-multifeature-25hz,22,60,60,0.0,0
OMARRQ-multifeature-25hz,22,60,73,0.512166440486908,80
OMARRQ-multifeature-25hz,22,73,0,0.18979370594024658,80
OMARRQ-multifeature-25hz,22,73,48,0.1797865778207779,80
OMARRQ-multifeature-25hz,22,73,56,0.5805431604385376,16
OMARRQ-multifeature-25hz,22,73,60,0.33525174856185913,80
OMARRQ-multifeature-25hz,22,73,73,0.0,0
OMARRQ-multifeature-25hz,23,-1,-1,0.01266036368906498,1714
OMARRQ-multifeature-25hz,23,0,0,0.10186312347650528,12
OMARRQ-multifeature-25hz,23,0,48,0.11964172124862671,680
OMARRQ-multifeature-25hz,23,0,56,0.3926316499710083,22
OMARRQ-multifeature-25hz,23,0,60,0.23473580181598663,268
OMARRQ-multifeature-25hz,23,0,73,0.3527377247810364,86
OMARRQ-multifeature-25hz,23,48,0,0.1938275247812271,676
OMARRQ-multifeature-25hz,23,48,48,0.06625258922576904,4
OMARRQ-multifeature-25hz,23,48,56,0.5152777433395386,18
OMARRQ-multifeature-25hz,23,48,60,0.3593810796737671,264
OMARRQ-multifeature-25hz,23,48,73,0.44679394364356995,82
OMARRQ-multifeature-25hz,23,56,0,0.0669923648238182,16
OMARRQ-multifeature-25hz,23,56,48,0.043110400438308716,16
OMARRQ-multifeature-25hz,23,56,56,0.0,0
OMARRQ-multifeature-25hz,23,56,60,0.0780547484755516,16
OMARRQ-multifeature-25hz,23,56,73,0.4389382302761078,16
OMARRQ-multifeature-25hz,23,60,0,0.15087710320949554,262
OMARRQ-multifeature-25hz,23,60,48,0.191463902592659,262
OMARRQ-multifeature-25hz,23,60,56,0.5351833701133728,16
OMARRQ-multifeature-25hz,23,60,60,0.0,0
OMARRQ-multifeature-25hz,23,60,73,0.45462465286254883,80
OMARRQ-multifeature-25hz,23,73,0,0.11901799589395523,80
OMARRQ-multifeature-25hz,23,73,48,0.11744421720504761,80
OMARRQ-multifeature-25hz,23,73,56,0.5543155074119568,16
OMARRQ-multifeature-25hz,23,73,60,0.2716090679168701,80
OMARRQ-multifeature-25hz,23,73,73,0.0,0
